id,Domain,Status,Attractiveness,Demand,Length,Registrar,Created,Expires
0b10f143-661c-4980-8386-9a2f0a85af07,manufacturing.ai,resell,70,80,13,101domain GRS Limited,15/12/2017 22:18,12/02/2026 22:18
02fa42ee-e94d-4bdb-bb84-1a7f7dca2ffa,manufacturing.co,expiring,70,80,13,Hello Internet Corp.,20/07/2010 18:00,19/07/2025 23:59
0cc4540f-c4df-484e-9cab-6c3de612fc57,manufacturing.dev,premium,70,80,13,,,
b0ba77fc-dbcf-45f8-a3b9-d57ddf904641,manufacturing.gg,available,70,80,13,,,
303dc1bd-7a10-43ab-829f-5d8d535dc91b,manufacturing.io,resell,70,80,13,Divido Ltd,04/07/2012 00:48,30/04/2027 12:00
00006beb-fa6e-4794-8178-14dcee01ed58,manufacturing.me,resell,70,80,13,Dynadot Inc,06/10/2010 17:51,06/10/2025 17:51
2703e1dd-f015-412d-b58a-834d2987ea3f,manufacturing.ninja,resell,70,80,13,Dynadot Inc,09/06/2025 17:00,09/06/2026 17:00
caaf4bfa-9102-4ff3-8cad-9ab00e4864c4,manufacturing.so,available,70,80,13,,,
361fb823-4591-43a2-bb7a-15b315cc83ba,manufacturing.store,premium,70,80,13,,,
246bcac4-d906-4ca1-9cc5-29cf3720ef60,manufacturing.tech,premium,70,80,13,,,
5d92d21d-c501-4b13-8fc7-275dfb2a99cf,manufacturing.xyz,premium,70,80,13,,,
e3428271-e86e-48ed-afb4-c5b22d9955ed,assembly.at,premium,54,92,8,,,
f4ff6b34-7c3d-4bd1-aafe-c610d72d4e73,assembly.co,expiring,54,92,8,"GoDaddy.com, LLC",20/07/2010 18:05,19/07/2025 23:59
b3c6f35b-c885-4727-b090-dc1f1baeb5b2,assembly.online,premium,54,92,8,,,
7fc81036-bf9a-4d55-aebb-56dd07aebab9,machining.ai,resell,54,68,9,"NameCheap, Inc.",26/09/2020 02:11,26/09/2026 02:11
1fa2d312-947c-4212-a3c5-dc9cd77d8ec8,machining.at,available,54,68,9,,,
7a60032b-a749-41c6-a224-490dc351192d,machining.co,resell,54,68,9,InternetX GmbH,24/09/2013 00:03,23/09/2025 23:59
0f7dea83-f51c-44f5-b89d-c55a8adace90,machining.gg,available,54,68,9,,,
5a5b594a-d4ff-4754-84d4-5f4a44cbfc5a,machining.io,expiring,54,68,9,Dynadot Inc,06/08/2020 05:01,06/08/2025 05:01
191405be-9dce-4d35-8365-1f987e77750d,machining.it,resell,54,68,9,,21/10/2023 09:00,21/10/2025 00:00
f8c3c531-054b-486a-821e-1bcda98fb809,machining.me,resell,54,68,9,"Chengdu West Dimension Digital Technology Co., Ltd.",14/11/2024 18:32,14/11/2025 18:32
87a87adc-b0e4-4f6f-b67f-9824f153fc61,machining.online,premium,54,68,9,,,
836f2f1d-44fb-4949-8bb7-d71669486cb2,machining.pro,resell,54,68,9,Epik LLC,25/09/2022 17:00,25/09/2025 17:00
f01e8cd2-a3d9-4e9c-ad45-ce2e3221293f,machining.site,premium,54,68,9,,,
f2ab37e0-bf8a-406f-a0cc-6f738dd03904,machining.so,available,54,68,9,,,
b1185036-6f9a-4186-8a04-06f362d77373,machining.space,premium,54,68,9,,,
72271a88-a760-4ff4-a6d4-4d2ac92036d7,machining.store,premium,54,68,9,,,
49960337-2fd9-4126-a03e-fe820a980b02,machining.tech,premium,54,68,9,,,
962ac663-dc64-4cb5-bdf3-0da2ebf567c5,machining.us,resell,54,68,9,"GoDaddy.com, LLC",08/07/2012 18:03,07/07/2026 23:59
56f8aea9-4d14-4dcf-85e7-183678cc9738,machining.zone,available,54,68,9,,,
d47aecc7-ffff-46b5-9561-87c3a7235d37,fabrication.app,premium,58,72,11,,,
8e451c8f-330d-4a9b-a118-00d6030caf63,fabrication.at,available,58,72,11,,,
75538864-2cd0-4675-86c9-178101c0a71c,fabrication.co,expiring,58,72,11,Dynadot Inc,20/07/2010 19:18,19/07/2025 23:59
3a0052c2-1e1b-4138-a802-526ac8dd9d4a,fabrication.dev,premium,58,72,11,,,
d7f1b536-b476-433a-9769-dda2e52bdc18,fabrication.expert,available,58,72,11,,,
e0a4e826-7d01-4ce1-b55c-4963d5f9d5a6,fabrication.gg,available,58,72,11,,,
524962b6-8c31-474c-8930-4731a3806e7e,fabrication.io,resell,58,72,11,"GoDaddy.com, LLC",01/04/2021 19:26,01/04/2026 19:26
064119e7-760a-424e-a564-0449c1056f5b,fabrication.it,resell,58,72,11,,21/06/2000 00:00,04/09/2025 00:00
2cee305b-4b10-45cd-a8f4-2707a41e9065,fabrication.online,premium,58,72,11,,,
3c7efd87-a446-4f7f-a04f-dca084db6f29,fabrication.pro,expiring,58,72,11,Epik LLC,13/07/2022 21:03,13/07/2025 21:03
40e9be55-066e-4ffc-8c14-4483829b5be7,fabrication.site,premium,58,72,11,,,
7c981166-2f02-4402-bbe9-8b4953f63d13,fabrication.so,available,58,72,11,,,
0238efa5-2768-4e6c-8758-b8ac1540f245,fabrication.space,premium,58,72,11,,,
55fff9ea-44dc-4b0e-9d92-5823ad4147be,fabrication.store,premium,58,72,11,,,
d1933551-df92-425a-bde9-ad30f40d4a28,fabrication.tech,premium,58,72,11,,,
7c8a3563-f976-4ad5-b4d6-509284a60e98,fabrication.us,expiring,58,72,11,"Wild West Domains, Inc.",19/07/2002 21:06,18/07/2025 23:59
62884c0f-1da0-4f37-b6f4-d56380b78e28,casting.at,expired,70,88,7,InterNetX GmbH ( https://nic.at/registrar/80 ),,
5e06c381-28c9-4e7a-b03f-d43676efa725,casting.co,expiring,70,88,7,Dynadot Inc,20/07/2010 18:00,19/07/2025 23:59
490d38b0-073d-41a2-8660-5dec4cfb95df,casting.dev,premium,70,88,7,,,
935e815f-53c8-4441-9174-1e63bd2ed774,casting.ninja,premium,70,88,7,,,
19b9a31e-9f86-47cb-82c6-f86514ad4359,casting.online,premium,70,88,7,,,
49d0f9a9-a3ac-43fa-a9e0-2cf84e21cca5,casting.pro,resell,70,88,7,"NameSilo, LLC",26/06/2015 17:21,26/06/2026 17:21
a0d05528-0649-4746-951c-b02b46631179,casting.site,premium,70,88,7,,,
ff80941e-d0ee-4000-a924-b51365badb02,casting.so,available,70,88,7,,,
03a2b147-b6ea-4e9f-97ad-fc5005c7597e,casting.space,premium,70,88,7,,,
d1696125-60a5-4d66-a289-36dd4c032b56,casting.store,premium,70,88,7,,,
00ee68f8-c27a-44c0-9614-de5d1b8b2ff1,casting.tech,premium,70,88,7,,,
22d661e8-aa24-4015-ac69-07c37b6311ba,casting.xyz,resell,70,88,7,Dynadot LLC,19/08/2017 11:50,19/08/2029 23:59
4b57e99c-3d5f-4acd-b029-44f70065b147,casting.zone,available,70,88,7,,,
4c41a943-f893-4813-9492-bb2cac20ccdb,massproduction.at,available,54,72,15,,,
6a5c4837-f67d-49d3-b793-ed41f8db38c9,massproduction.cloud,available,54,72,15,,,
5dc49bab-9771-48c6-b807-70c98af45fc8,massproduction.dev,available,54,72,15,,,
4b8dad5f-e626-46c5-94dd-72d13a09a286,massproduction.expert,available,54,72,15,,,
6ab2948d-5b1c-493b-9bb7-d550fb1b7ec2,massproduction.gg,available,54,72,15,,,
2e346543-c441-49a7-89b0-f043b24298ba,massproduction.io,available,54,72,15,,,
4b6b7775-0a89-487e-84c6-7d5a054d298e,massproduction.it,resell,54,72,15,,16/11/2021 09:00,16/11/2025 00:00
cd4bb1e9-7439-4b92-847d-44eb57cf3ff3,massproduction.me,available,54,72,15,,,
d7c06309-3d6d-4f44-86bc-636e03cc851f,massproduction.ninja,available,54,72,15,,,
c8b3abb2-83ed-4c53-bfe9-2e09e55c9155,massproduction.online,available,54,72,15,,,
3902ffad-9e80-46cf-9f9a-fb4fb7155f96,massproduction.org,available,54,72,15,,,
e5f9ead6-1c70-4862-8dc4-e4ea7de13d9a,massproduction.pro,available,54,72,15,,,
bb9352ad-5b78-436b-99b6-61f50435a048,massproduction.site,available,54,72,15,,,
d4a8a183-4d5e-4c12-9393-cc82f3d6087e,massproduction.so,available,54,72,15,,,
7f6fe193-a5db-4341-b0cd-10da1b369bad,massproduction.space,available,54,72,15,,,
ee62fa90-a8eb-4792-b8cf-2f57ae826531,massproduction.store,available,54,72,15,,,
baeea32d-5150-4a07-8abf-82ad31583532,massproduction.tech,available,54,72,15,,,
7db27f21-4a6a-45b5-b2eb-c4f4a4252343,massproduction.us,available,54,72,15,,,
a1f31fa0-badb-4059-81a6-25545006bbc9,massproduction.xyz,available,54,72,15,,,
e18de99a-98d4-49af-bc7b-f15ab5b5e4a9,massproduction.zone,available,54,72,15,,,
7fdba3a4-4a6b-4c96-bb0e-24c605414416,batchproduction.ai,available,56,72,16,,,
c65f799b-9f3f-49a8-927f-1ab5d7af9a6b,batchproduction.app,available,56,72,16,,,
8715decb-b687-4bcb-b214-e8b761dd01ae,batchproduction.at,available,56,72,16,,,
b631c0da-e755-46d9-9891-63aef5f97680,batchproduction.cloud,available,56,72,16,,,
d2d17d82-dc88-4844-b20e-11eca87936fb,batchproduction.co,available,56,72,16,,,
e64b9420-4684-4175-ad1f-747ac50be32b,batchproduction.dev,available,56,72,16,,,
a43a3a08-7527-4dc7-8640-0ad9ea35a2bf,batchproduction.expert,available,56,72,16,,,
ce7ce564-9630-4aac-b1ec-3e5340126231,batchproduction.gg,available,56,72,16,,,
edea6c42-f180-4aa6-a40c-b5fe7ed38f82,batchproduction.io,available,56,72,16,,,
01564dda-a5ea-4012-bd34-482f28df8a19,batchproduction.me,available,56,72,16,,,
b20f2604-e868-4b3d-8458-efe98355064e,batchproduction.net,available,56,72,16,,,
67e73416-e662-43ff-b385-7c636bd01748,batchproduction.ninja,available,56,72,16,,,
02f88489-4f77-43c3-bd8a-4700c6cddab5,batchproduction.online,available,56,72,16,,,
fe92f2d1-9579-4b11-92a2-8d3e554d7f00,batchproduction.org,available,56,72,16,,,
63fb3591-a3b5-48e0-9d3f-ba151283b60b,batchproduction.pro,available,56,72,16,,,
248ab454-c7f4-47f7-95ee-090af4cff159,batchproduction.site,available,56,72,16,,,
b6678717-40ce-457e-aa69-9b9d4ba0074e,batchproduction.so,available,56,72,16,,,
3f58b8e1-3c0d-4fb8-808c-b61e0f8307b2,batchproduction.space,available,56,72,16,,,
f45fffd3-ac79-4eee-b7ce-e87fb693a108,batchproduction.store,available,56,72,16,,,
6d93f019-b27e-4b4c-a6da-032c1f9bd44c,batchproduction.tech,available,56,72,16,,,
2ab62b2a-a7f7-47e7-9178-a055166906e8,batchproduction.us,available,56,72,16,,,
ea5ff575-8900-456c-9e0f-f771b988edab,batchproduction.xyz,available,56,72,16,,,
5579cf78-f5bc-49d6-9c75-3b1fc6865b91,batchproduction.zone,available,56,72,16,,,
9bba3ea7-9e13-4bd9-aa7e-80e04b974742,stamping.app,premium,60,84,8,,,
d37e9795-6cc0-4fbc-9b94-bad0bc72f171,stamping.at,available,60,84,8,,,
9a361e54-5247-4966-b508-bd8af1d0c952,stamping.cloud,available,60,84,8,,,
e39f9295-165e-4f9e-90cd-d71d9ff741fe,stamping.co,premium,60,84,8,,,
7d18aef4-52d9-4058-85a1-fb155d7dffae,stamping.expert,available,60,84,8,,,
b69ad212-95c7-4060-9c49-7ff5468b1df3,stamping.gg,available,60,84,8,,,
10594fed-41ff-4db1-bfa0-84d1c0565916,stamping.net,resell,60,84,8,GoDaddy Online Services Cayman Islands Ltd.,03/12/1999 10:27,03/12/2026 10:27
907514b9-0db0-4a97-85a3-3cc22cfe3ecb,stamping.online,premium,60,84,8,,,
167a02d3-ff9a-4c22-9eaa-83a8a1898701,stamping.pro,resell,60,84,8,"Sav.com, LLC - 20",16/09/2024 17:00,16/09/2025 17:00
0440f795-5597-46fa-adb5-ade22fbf65bb,stamping.site,available,60,84,8,,,
934986d1-bd25-4b39-a2ff-ca7e7775c7fc,stamping.so,available,60,84,8,,,
48645c98-9073-4497-9c07-5a703baf2fb0,stamping.space,premium,60,84,8,,,
a13baa5c-b460-4c8e-bfe7-fa921f316953,stamping.tech,premium,60,84,8,,,
3f0604f7-7ce2-4492-99c8-541f1ab39535,stamping.zone,available,60,84,8,,,
7e9fbf08-45e3-4f51-8098-f351a0461642,welding.at,available,58,84,7,,,
012af4d3-1545-4990-be14-8f219f6e88b3,welding.cloud,premium,58,84,7,,,
0ef506c5-e099-4fcb-9234-5486e752eacc,welding.dev,premium,58,84,7,,,
897aaff6-73e3-4305-bf42-c5d0825058a0,welding.gg,available,58,84,7,,,
6b92c242-980c-421a-b30a-144fa95ee35c,welding.it,resell,58,84,7,,04/03/2012 22:55,05/03/2026 00:00
5e5b41bd-f90d-4d88-a088-ccc107e5bd35,welding.net,resell,58,84,7,"Sea Wasp, LLC",25/01/1999 05:00,25/01/2026 05:00
fd85de1e-19b7-42da-b44c-5b650783fc67,welding.ninja,available,58,84,7,,,
682fa74a-a233-424a-b58b-41ba4a787aeb,welding.online,premium,58,84,7,,,
44494ae2-3988-462b-aad4-ab0696674d8d,welding.pro,resell,58,84,7,Porkbun LLC,08/03/2007 00:00,08/03/2026 00:00
52ad9c13-015a-4be5-ba51-6f8d314ab2ef,welding.site,premium,58,84,7,,,
2e2da162-8273-4159-ba60-81fecfd18cf7,welding.so,available,58,84,7,,,
0b8cfd6d-9ff9-4d44-9594-ffc54f8a1a2e,welding.space,premium,58,84,7,,,
b232ff1f-2835-41ce-8e7a-d45a39a9d30f,welding.store,premium,58,84,7,,,
e991b611-97bf-4b2f-9158-86ab2c62f926,welding.tech,premium,58,84,7,,,
7ff81f2d-1708-4149-bbbe-b6344c13e1c1,welding.xyz,resell,58,84,7,"Go Daddy, LLC",02/06/2014 17:36,02/06/2026 23:59
76c50c76-9990-4be5-bb31-820204f75468,production.at,sold,70,96,10,World4You Internet Services GmbH ( https://nic.at/registrar/61 ),,
9648f519-0854-4ac3-a60b-648d666f7f6c,production.cloud,premium,70,96,10,,,
bc741202-d5da-4ed9-8a5d-5fd333414eda,production.online,premium,70,96,10,,,
e8223574-f6ca-4aff-b3c3-4de245f65029,production.org,resell,70,96,10,Dynadot Inc,02/10/2001 18:03,02/10/2026 18:03
ac05986d-0fe1-4d5b-b5cf-789029482be1,production.site,premium,70,96,10,,,
3118a1bb-7a46-4e40-873f-ede1f27db978,production.space,premium,70,96,10,,,
8eb2eda6-1550-4fb8-baa8-304cd75e2c97,production.store,premium,70,96,10,,,
24470564-017e-474d-a43c-8a363bba4692,production.tech,premium,70,96,10,,,
9b2a9a53-0608-40a1-8d8a-6147ca3ac2e2,investmentcasting.ai,available,60,76,18,,,
6aadab80-ac32-4430-b0b9-6d2bbaad8017,investmentcasting.app,available,60,76,18,,,
cad16b18-884c-44da-a213-10b3b93bd4c6,investmentcasting.cloud,available,60,76,18,,,
592a18f8-c9dc-4b22-9177-b180ef36a305,investmentcasting.co,available,60,76,18,,,
c8d287f5-637c-4ade-b55d-96d0c7c97120,investmentcasting.dev,available,60,76,18,,,
8c9d87ef-92ee-4fa7-b4d1-94e497adbbed,investmentcasting.expert,available,60,76,18,,,
094bc849-b5d0-48dd-88e5-05519988028a,investmentcasting.gg,available,60,76,18,,,
65a12838-fc73-4318-a1a9-0d7c31cd9977,investmentcasting.io,available,60,76,18,,,
1f54cf33-f47c-4a97-a1b2-868fe2b38ace,investmentcasting.me,available,60,76,18,,,
bf2ee1b7-e043-4762-aa64-f35e444cda00,investmentcasting.ninja,available,60,76,18,,,
c3d6084d-adea-4a53-93f8-40f502e68b14,investmentcasting.pro,available,60,76,18,,,
b740da06-fcfc-4bdb-9257-03b7e57ecf61,investmentcasting.site,available,60,76,18,,,
3e0c3a7c-fd95-49b2-9837-d0990ce69135,investmentcasting.so,available,60,76,18,,,
e439e97d-9517-4fd0-a215-ad96c9ce8cfd,investmentcasting.space,available,60,76,18,,,
f4023086-5c15-4ca0-9d0f-3fdef5677c75,investmentcasting.store,available,60,76,18,,,
cbb5ecca-86f6-47ec-85d9-0c3353b2513a,investmentcasting.tech,available,60,76,18,,,
0f45b370-3aaa-4208-8812-5b3e3833b5c1,investmentcasting.us,expired,60,76,18,"DNC Holdings, Inc.",07/06/2002 12:06,06/06/2025 23:59
51e28632-b560-4972-8d65-01f837b87cad,investmentcasting.xyz,available,60,76,18,,,
127c2f81-cbb3-4f33-be72-0d7115362eb1,investmentcasting.zone,available,60,76,18,,,
3d635d37-5c0b-42ad-9616-501b022bb2c2,forging.at,available,66,76,7,,,
884541e9-2a60-46a8-b6c4-538b496f0147,forging.cloud,available,66,76,7,,,
e0a071fe-30fe-4b81-bda7-e51e82fd1e29,forging.dev,available,66,76,7,,,
3aa8f920-568e-413d-8d7e-ce54d4560f60,forging.expert,available,66,76,7,,,
2772b6f7-6c4b-4f0a-8545-661ab866ee15,forging.gg,available,66,76,7,,,
5ff3a23e-26cc-499d-a3e6-d9af80964301,forging.io,resell,66,76,7,"GoDaddy.com, LLC",02/03/2023 17:00,02/03/2026 17:00
98de91ab-6cd6-43fc-9e84-2b4d1dfb4d81,forging.it,resell,66,76,7,,02/08/2015 09:00,29/09/2025 00:00
300a833f-86b3-40d6-916a-fa29acb3e6ce,forging.me,expiring,66,76,7,"Global Domains International, Inc. DBA DomainCostClub.com",26/07/2008 02:46,26/07/2025 02:46
91726a9f-92ba-4aee-a228-2d81e3cbdbeb,forging.ninja,available,66,76,7,,,
147ff259-60d7-4c12-8529-7af286fba340,forging.online,premium,66,76,7,,,
fd43a951-350e-41da-a469-193f6ca8ccd0,forging.pro,available,66,76,7,,,
458b089e-f394-4395-b275-553fb1ee4a0a,forging.so,available,66,76,7,,,
e2ab896d-88f6-4da2-8143-3de3cb039acd,forging.store,premium,66,76,7,,,
6191cf17-5f99-42c3-8dea-c902ce6ee11a,forging.zone,available,66,76,7,,,
95a0c4ea-28eb-4364-9af9-7236be12fb28,inspection.at,available,64,76,10,,,
380626ff-f393-42f5-9744-fd75028ff314,inspection.co,expiring,64,76,10,"GoDaddy.com, LLC",21/07/2010 21:13,20/07/2025 23:59
4c742efc-f354-4b13-abbc-beefd44433ce,inspection.dev,premium,64,76,10,,,
83474695-7213-4375-a197-ec501c1f6664,inspection.gg,available,64,76,10,,,
b0c3bbd3-713b-4725-bc8d-b8e0806d80df,inspection.it,resell,64,76,10,,28/10/2013 09:00,27/11/2025 00:00
18902f17-2846-49b3-bf40-d3af01526c37,inspection.me,resell,64,76,10,"Name.com, Inc.",04/10/2011 03:06,04/10/2025 03:06
77c95620-23f2-4b1f-9483-5bc4788f6dbb,inspection.site,premium,64,76,10,,,
f4018047-ad48-4d0a-8529-af138f3fff14,inspection.so,available,64,76,10,,,
2cc18619-8060-4b3d-bab2-2218613c0608,inspection.store,premium,64,76,10,,,
a82ca2f9-eb6e-4b94-a504-27767a437013,inspection.tech,premium,64,76,10,,,
6aa4e8dc-47e0-4b0c-b5f0-d72940579c5c,inspection.zone,available,64,76,10,,,
310d1355-0ff5-4f68-ac1e-8ca029995d91,subcontracting.ai,premium,,28,14,,,
c230f05f-6bdf-4139-80bd-e84e0375f0f3,subcontracting.app,available,,28,14,,,
818caf51-d4e7-4f02-b6d9-acb22e09d55c,subcontracting.at,available,,28,14,,,
a17b63f5-8963-4e91-8fb9-a1ee3a6b253d,subcontracting.cloud,available,,28,14,,,
03287e78-8058-4e11-9ffb-d1a82c2a7bc8,subcontracting.dev,available,,28,14,,,
b7947207-15ba-4316-91c7-10b26f261e16,subcontracting.expert,available,,28,14,,,
e6cf0b2c-18e0-41e6-87da-67ee918422b9,subcontracting.gg,available,,28,14,,,
1f8ad587-cb9f-4e80-bb4b-82cf6dd5465e,subcontracting.me,available,,28,14,,,
34e9df9b-2cc4-4cd0-9378-3b93a5148135,subcontracting.ninja,available,,28,14,,,
2062e834-b336-4ce6-b609-273cc02a3611,subcontracting.online,available,,28,14,,,
70e37ebf-2e10-4efa-b811-5110d41b2e75,subcontracting.org,resell,,28,14,1API GmbH,21/02/2000 13:34,21/02/2026 13:34
091dcc1d-5bc3-4f10-8066-55c9bdbf5157,subcontracting.pro,available,,28,14,,,
a065091c-3c56-4f75-bb02-98ec32fa0e99,subcontracting.so,available,,28,14,,,
fedda2b9-7cdf-47b7-b253-f45a9d87ab10,subcontracting.space,available,,28,14,,,
2d061128-19c4-40fd-afc7-cab6b72fd324,subcontracting.store,available,,28,14,,,
7615de40-df28-42be-8657-d84ba9bc5ef9,subcontracting.tech,available,,28,14,,,
c879b577-97d4-4276-94f9-8e29183c0278,subcontracting.us,available,,28,14,,,
c8531859-5ac3-4395-9f26-4648219c1943,subcontracting.zone,available,,28,14,,,
623b99d3-ecf0-41ad-b143-f052dc5cab49,industrialdesign.app,available,56,84,17,,,
799fdc38-4b92-4108-ab5b-f640a9fe038f,industrialdesign.at,sold,56,84,17,Symgenius GmbH u. Co. KG ( https://nic.at/registrar/217 ),,
11006be9-dd24-482d-91fa-0a02e635ac5d,industrialdesign.cloud,available,56,84,17,,,
d0880d77-9dc5-473b-86d9-2b715dc6ee64,industrialdesign.dev,available,56,84,17,,,
150e4bee-864e-4c3d-b255-776be0a87b6b,industrialdesign.expert,available,56,84,17,,,
cabfd657-1655-496e-b942-f436ed8cf8c2,industrialdesign.gg,available,56,84,17,,,
e6dd08e4-750e-4d1f-8e5d-e998f49cf954,industrialdesign.ninja,available,56,84,17,,,
2eb1adf3-b146-41ef-8fab-7edb646dca5d,industrialdesign.online,expiring,56,84,17,"HOSTINGER operations, UAB",19/07/2024 14:13,19/07/2025 23:59
11e1ce21-985b-4f33-a5e5-4b81116b17d6,industrialdesign.site,expired,56,84,17,"Go Daddy, LLC",10/05/2024 18:08,10/05/2025 23:59
b9884558-7115-415c-8163-46add2c1d44d,industrialdesign.so,available,56,84,17,,,
9d36ddee-8521-468a-8e06-7d35bfcfca74,industrialdesign.space,available,56,84,17,,,
6c003da2-3568-4584-9f63-3e168a38f076,industrialdesign.store,available,56,84,17,,,
ca667506-12b2-4a72-a269-7f27971b29d9,industrialdesign.tech,expiring,56,84,17,"HOSTINGER operations, UAB",28/07/2024 13:33,28/07/2025 23:59
70d426b0-a452-46c3-b6a8-03369122bbeb,industrialdesign.us,expiring,56,84,17,"Sav.com, LLC - 2",10/07/2024 00:00,10/07/2025 00:00
3819f611-bbba-48f0-8c90-5efc24bed2c5,industrialdesign.zone,available,56,84,17,,,
6dc72906-3c3c-4422-88f6-8ccf78e9394a,metal.accountant,premium,114,24,5,,,
6f4fe7a1-406e-45fc-8d3a-ad6d4b7b8eec,metal.accountants,available,114,24,5,,,
26c074f7-01d8-4b1e-8bf6-34d91a3dbcf0,metal.actor,available,114,24,5,,,
6b1f33a6-af87-498e-a19c-1cbdae754710,metal.adult,available,114,24,5,,,
91238af6-0d9e-49f2-bea1-5433602c28ea,metal.ag,available,114,24,5,,,
47be3685-d18f-4571-b5a2-7d7bc48a9f01,metal.airforce,available,114,24,5,,,
87fe7abc-6e17-49c6-9b1c-68b10cb52df3,metal.apartments,available,114,24,5,,,
90558c9b-866a-4a2f-be39-4dba43de13d2,metal.app,resell,114,24,5,"Montenegro Domains, LLC",08/05/2018 01:33,08/05/2026 01:33
f4c3f384-48ae-4d61-b269-58a3781d3ec1,metal.archi,available,114,24,5,,,
939215da-057b-412b-a3eb-bf901174e1e7,metal.army,premium,114,24,5,,,
9ac352d4-c06e-4008-a9de-33dac42e52f1,metal.art,premium,114,24,5,,,
15aa31c9-53e1-4917-b639-2f0c83448826,metal.asia,resell,114,24,5,"GoDaddy.com, LLC",16/08/2008 11:01,16/08/2026 11:01
5db82941-6f4f-4852-bfc3-aedef49f3a1f,metal.associates,available,114,24,5,,,
bfce3397-3602-4031-81d8-6445ce7dba0a,metal.at,resell,114,24,5,INWX GmbH ( https://nic.at/registrar/453 ),,
fa1f589b-20ff-4347-9c4a-aca0f6992124,metal.attorney,available,114,24,5,,,
2e53f2e2-6589-4af8-b94b-a99f5812c342,metal.auction,expiring,114,24,5,united-domains GmbH,31/12/2021 09:37,31/12/2025 09:37
910e496a-ec90-49f2-8149-c72d519ed816,metal.audio,premium,114,24,5,,,
c5105a5d-4294-43ab-8c9d-ca28a38019f3,metal.auto,available,114,24,5,,,
48a8eb8f-24a3-47cc-8144-3917ab716e78,metal.autos,premium,114,24,5,,,
8e3aa61c-7ad9-49ee-a67f-be737498eaa8,metal.baby,sold,114,24,5,Alibaba Cloud Computing Ltd. d/b/a HiChina (www.net.cn),01/10/2025 18:44,01/10/2026 23:59
877ff1eb-d9a1-49b9-9add-d54b28c552a1,metal.band,premium,114,24,5,,,
93f5ee9f-05f4-44b0-a0f8-8cb03d6d7239,metal.bar,premium,114,24,5,,,
d3972e67-8e93-4e05-b0dc-4bd4c60e5fca,metal.bargains,available,114,24,5,,,
1a7e4c81-ef06-4bbd-9b3d-d17f6ee69bd6,metal.beauty,premium,114,24,5,,,
1ca5bf17-4b36-4744-a4de-76eff04e20c3,metal.beer,resell,114,24,5,"eNom, LLC",18/07/2017 15:59,18/07/2026 15:59
e99fa194-daae-457e-a359-2e2ae854e236,metal.best,premium,114,24,5,,,
6339c01f-0203-46bc-ae27-35e18a20df6e,metal.bid,available,114,24,5,,,
c844d63f-e07a-491b-9bc7-f7a2579db262,metal.bike,resell,114,24,5,"GoDaddy.com, LLC",11/10/2025 05:40,11/10/2026 05:40
37231b02-7e13-40dd-bd2d-677c66ce175b,metal.bingo,available,114,24,5,,,
f7ea12c1-72a3-4727-b2a8-6db88b9c0d46,metal.biz,resell,114,24,5,"Domain Registration Services, Inc. dba dotEarth.com",27/03/2002 08:07,26/03/2026 23:59
68fed0ba-5122-48e4-aa44-72975008e182,metal.black,premium,114,24,5,,,
c9ec9cf0-b206-4920-bc06-32346cc59423,metal.blackfriday,available,114,24,5,,,
7560bc64-70de-439b-a098-a17ad3139313,metal.blog,premium,114,24,5,,,
705b5c7b-911f-4a15-b5c7-81de67e18868,metal.blue,available,114,24,5,,,
6324d687-0114-4de5-8098-ad64efe63466,metal.boats,premium,114,24,5,,,
169a8838-f1d6-483f-8de5-6c1ae6c50105,metal.bond,resell,114,24,5,Dominet (HK) Limited,15/11/2020 15:30,15/11/2030 23:59
83a3bba9-fb92-4ebb-806b-b32289860998,metal.boo,premium,114,24,5,,,
2afcc4e8-0ca1-470c-9e16-3c28cfe5cf77,metal.boston,available,114,24,5,,,
da0b0b9e-2a0b-4348-9645-5a5e1695db24,metal.build,sold,114,24,5,Tucows.com Co.,18/09/2023 18:58,18/09/2026 23:59
d97368b8-c85f-413d-8609-80c0e4ae00f1,metal.builders,available,114,24,5,,,
210ec38e-716f-4989-af9b-8c793441a1d4,metal.business,premium,114,24,5,,,
63ea8cdd-7592-42f1-9db2-32bf3bcee8c7,metal.buzz,premium,114,24,5,,,
d6cca653-01f1-4bce-a468-23ca5aed8253,metal.cab,available,114,24,5,,,
95eb9f7b-d473-4086-97e5-5440e5e95325,metal.cafe,available,114,24,5,,,
f1ff04d5-d56d-4c78-b9ec-94f52bee599b,metal.cam,premium,114,24,5,,,
91760605-25bc-477c-8929-4c178d58fa9f,metal.camera,available,114,24,5,,,
ca4d17b1-3eff-4cbe-818f-21550bddc4af,metal.car,available,114,24,5,,,
340c0e6e-5146-484c-ac1f-f286071ef4e3,metal.care,resell,114,24,5,"Spaceship, Inc.",29/03/2023 15:15,29/03/2026 15:15
6a390006-f117-4f7b-9def-98a4d8d8d19e,metal.careers,available,114,24,5,,,
aa334b28-7534-4832-9c42-c4371df5b850,metal.cars,available,114,24,5,,,
63a6e064-148c-49d7-944e-6eb73900074c,metal.casa,premium,114,24,5,,,
b5c26da6-c378-4750-ac96-93f11011a0ba,metal.catering,available,114,24,5,,,
e6183bd9-9235-4a7b-8b0b-41849bf37e7f,metal.center,resell,114,24,5,"DNSPod, Inc.",07/12/2018 16:16,07/12/2026 16:16
0895408f-250a-4788-9f87-b73a2c1dd4f8,metal.ceo,available,114,24,5,,,
b83a76bd-9d09-4e8b-8142-4b4e2d384c8e,metal.cfd,premium,114,24,5,,,
b5139486-e860-42b1-9241-90b28d1b0cc9,metal.charity,available,114,24,5,,,
51bf266b-9486-4a3a-b8b8-254674ca3b54,metal.chat,sold,114,24,5,Alibaba Cloud Computing Ltd. d/b/a HiChina (www.net.cn),05/10/2020 02:59,05/10/2026 02:59
c64d51a2-89c6-4b57-aa56-5306565c4f70,metal.cheap,available,114,24,5,,,
a87efec8-dd66-48ca-bde6-8b5c24d24cd1,metal.christmas,premium,114,24,5,,,
737d4778-7a43-42b4-9d15-549e36c2d0da,metal.city,resell,114,24,5,"Chengdu West Dimension Digital Technology Co., Ltd.",23/01/2024 15:15,23/01/2026 15:15
dbf757ef-d5f6-4283-91bd-b0dbfaa24d4f,metal.claims,available,114,24,5,,,
b70a8243-bbe5-41aa-bb3e-97b3c4b0e168,metal.cleaning,available,114,24,5,,,
974ffb8a-133b-4108-b616-ebdac838b959,metal.click,premium,114,24,5,,,
da716967-670d-4f51-b62f-d464ef907ff9,metal.clinic,available,114,24,5,,,
96d91771-019d-4d37-b40b-cfcc4c7afbfd,metal.cloud,premium,114,24,5,,,
c645271c-63e1-42d5-9b9a-2d08c42527b7,metal.club,premium,114,24,5,,,
608a8fde-d5c7-429f-9582-f696f39c281a,metal.co,resell,114,24,5,"NameSilo, LLC",26/12/2016 16:37,25/12/2026 23:59
83ac2909-15cb-4a38-8a13-b7b0e7f55363,metal.coach,available,114,24,5,,,
d391c135-8dde-4fed-93f7-f4061192711e,metal.college,available,114,24,5,,,
ef08119d-1428-4aa5-a821-913547fd6e17,metal.community,available,114,24,5,,,
47293405-35a5-4763-855b-30c89d246861,metal.company,resell,114,24,5,"Name.com, Inc.",06/06/2021 15:47,06/06/2027 15:47
78543661-374e-4e12-8ec7-e0e407655138,metal.computer,available,114,24,5,,,
581b4477-0f57-4d6e-b572-4312e124f18b,metal.condos,available,114,24,5,,,
691abd2c-5a1a-4451-9fbc-519bfbdb1c92,metal.contractors,available,114,24,5,,,
ef793bdb-7354-40e6-a90e-9e985e61ce3e,metal.cooking,available,114,24,5,,,
09d8020d-044b-4f75-9bfe-b5280fa0a6e9,metal.country,available,114,24,5,,,
1d69d9cb-e438-439b-9922-2d9cb8a708a1,metal.coupons,available,114,24,5,,,
a2ebab2e-993a-4b61-a3dc-99383d21cbf4,metal.courses,premium,114,24,5,,,
da7b64dd-1b15-402f-9ec3-f52261a35457,metal.credit,available,114,24,5,,,
7b8f1ff2-ec78-47ba-8890-bea4f552f304,metal.creditcard,resell,114,24,5,"Global Domains International, Inc. DBA DomainCostClub.com",02/04/2025 15:15,02/04/2026 15:15
65cddbee-e5fe-40f9-b659-d7a2abaf4403,metal.cricket,premium,114,24,5,,,
9797df2e-3431-4121-ad30-021dfb5ab825,metal.cruises,available,114,24,5,,,
928b8532-1f6e-4694-970f-54600e068ba2,metal.cv,premium,114,24,5,,,
f4137571-2fe4-4191-875a-08e73b405002,metal.cyou,premium,114,24,5,,,
e2c51bf2-383c-428c-b60a-9660975bf378,metal.dad,premium,114,24,5,,,
6f4cb987-1926-4ac9-9278-654c2bf64ffa,metal.dance,available,114,24,5,,,
6b9e1711-2b72-4bcc-ab53-47e1ce3907d1,metal.date,available,114,24,5,,,
6ea3c526-a448-435e-9ccb-54af8c6a5096,metal.dating,premium,114,24,5,,,
6ee83495-63b2-4363-85d5-69c1dfe27835,metal.day,premium,114,24,5,,,
db1c6ef8-4e19-4d90-8ba4-c5c3e8f6c687,metal.deal,available,114,24,5,,,
bbfeef76-b50b-44c4-a489-7059385869d6,metal.dealer,available,114,24,5,,,
a8496f43-e4b2-4335-80d2-d8c3d3e1f9fa,metal.deals,sold,114,24,5,Tucows Domains Inc.,14/10/2025 16:22,14/10/2026 16:22
68d51711-6546-41b8-981f-f03bbca7a7ef,metal.degree,available,114,24,5,,,
77aefcfb-183e-4beb-99d9-91fb1483da5a,metal.delivery,available,114,24,5,,,
1d5e4e95-8efc-4570-9ed9-86ab24b3360d,metal.democrat,available,114,24,5,,,
de4368ac-3b89-4d13-bc7e-6ea2e2befe79,metal.dental,available,114,24,5,,,
c2d8758f-757f-44de-af6c-115e72b4bce4,metal.dentist,available,114,24,5,,,
7ca9fc38-e972-465a-a2ae-49450d5a505e,metal.diamonds,available,114,24,5,,,
8a34d2e2-f0d2-46d9-8c78-9c159aec1984,metal.diet,premium,114,24,5,,,
004b7d22-acb6-4772-b4cd-63dcdda38adf,metal.digital,resell,114,24,5,"Sav.com, LLC - 1",16/02/2025 15:15,16/02/2026 15:15
657beebb-1ae2-4dd8-a876-9d892f91c523,metal.direct,expiring,114,24,5,united-domains GmbH,07/12/2019 09:13,07/12/2025 09:13
26ec1aed-b7bf-4847-a1e8-a0201e8c501e,metal.discount,available,114,24,5,,,
6d60b9a2-f13b-41f6-9040-7715c6a3fa1d,metal.diy,premium,114,24,5,,,
779df9d8-f786-42d3-afcd-b300e96a9b8c,metal.doctor,available,114,24,5,,,
dee46e95-56fb-49c0-af70-4e74f4412377,metal.dog,resell,114,24,5,"Sav.com, LLC",10/11/2024 07:52,10/11/2026 07:52
3aa65bf3-ef08-482f-b3f4-7931118a0f47,metal.domains,available,114,24,5,,,
6364740d-4af3-4a1e-bd44-b14a05030e73,metal.download,premium,114,24,5,,,
1775d344-93fc-4276-8595-1dda06780be4,metal.education,available,114,24,5,,,
81259bd7-4ac5-4d69-9142-b7cb3409e762,metal.email,sold,114,24,5,InterNetX GmbH,13/09/2016 14:05,13/09/2026 14:05
782f9314-6e3c-4a49-bdeb-ca9639a287e5,metal.enterprises,premium,114,24,5,,,
1d8ac45c-a320-4844-acb1-d7a761877471,metal.equipment,available,114,24,5,,,
17e3ee76-bd79-401c-97fb-ce399c04cd56,metal.esq,premium,114,24,5,,,
d44ca49a-849b-4e31-b02c-3e3d775b5b4e,metal.estate,available,114,24,5,,,
6ae0fe0e-5db7-477f-afae-65693de4cc0a,metal.exposed,premium,114,24,5,,,
9ef0da9b-7703-454a-883f-96e87640ea4c,metal.express,expiring,114,24,5,"Spaceship, Inc.",04/01/2021 03:28,04/01/2026 03:28
e90a82b4-d923-4fd0-9ed9-64ea88cb026a,metal.fail,available,114,24,5,,,
571033a1-a7ff-4d67-b23e-e19b124d2fac,metal.faith,available,114,24,5,,,
5fad874c-6f10-4ac2-8715-4b13e042ce2d,metal.family,premium,114,24,5,,,
21f26032-a7e7-4c81-b129-7505b1ce7acf,metal.fan,premium,114,24,5,,,
dd391bff-a982-4cf2-ae22-0ff11fc8c60f,metal.fans,premium,114,24,5,,,
74e8c010-5139-4b34-9017-b4f55adf108d,metal.fashion,premium,114,24,5,,,
df5eaafb-74f8-4552-bea6-ac6e3184c5e9,metal.fast,available,114,24,5,,,
97657090-ecbb-4ddd-9122-be6514ff8e35,metal.fish,available,114,24,5,,,
af3f6914-10f2-479b-9072-e1ce77712eba,metal.fishing,available,114,24,5,,,
dabee589-0317-49e2-bd28-f8272c73b43e,metal.fit,premium,114,24,5,,,
14bb8ec0-adc1-4ce8-b0b9-e9fa7e771ed9,metal.fitness,available,114,24,5,,,
7ea331d7-443d-41ca-8c49-30172ba383dc,metal.flights,available,114,24,5,,,
80551ffb-e85a-4d8f-972d-752bba74dca4,metal.florist,available,114,24,5,,,
121a63d7-b857-4ebb-8857-81cf894e10a2,metal.flowers,premium,114,24,5,,,
f1984058-e59e-424d-9a51-93b01543bd2d,metal.fm,expiring,114,24,5,dotFM,07/12/2019 03:29,07/12/2025 23:59
1cd77af5-54cf-4365-9905-039442d2d32b,metal.foo,premium,114,24,5,,,
0ef2a533-5401-4575-af86-b16f21c43fc2,metal.food,premium,114,24,5,,,
8368a24e-558b-4ace-b3dd-906ca0824404,metal.football,available,114,24,5,,,
ef06aaf8-c5c3-4e6f-8476-7121030226d4,metal.forsale,premium,114,24,5,,,
986360e7-2b66-4409-a4c6-77a332406ce0,metal.forum,premium,114,24,5,,,
3846e66b-3268-46ef-9efe-edfdc6bc4093,metal.free,available,114,24,5,,,
de92fe6d-cdc9-4edf-886d-9838271574df,metal.fund,resell,114,24,5,"DNSPod, Inc.",01/12/2022 15:15,01/12/2026 15:15
17ac1163-ad28-4490-be0c-0b792ca93778,metal.furniture,premium,114,24,5,,,
d316a09d-ae0a-46ef-83a0-5344a6ca8daf,metal.futbol,available,114,24,5,,,
42db1bec-1de0-4359-8713-d42aa06e1b4e,metal.fyi,sold,114,24,5,"NameCheap, Inc.",18/09/2025 21:33,18/09/2026 21:33
dbe3e217-1e98-4121-9927-0e26c455636c,metal.gallery,premium,114,24,5,,,
9d6abdc4-0ae3-4c21-9ff2-f265b2f00738,metal.game,premium,114,24,5,,,
4f782007-4892-435d-9daa-276ccc1ad0eb,metal.games,premium,114,24,5,,,
f66bb51a-f68d-4874-803a-fa17269e9f8f,metal.garden,premium,114,24,5,,,
a4cb268e-cd6d-4fbf-9ad5-68a0eefc8c7d,metal.gay,available,114,24,5,,,
9cc30719-86c3-4d65-b0ea-3e98da83161a,metal.gift,available,114,24,5,,,
eb3da54f-ef62-4e6b-9a29-787850d31474,metal.gives,available,114,24,5,,,
53e05aff-ce60-45b3-a8f1-7c01e8f90f85,metal.giving,available,114,24,5,,,
62a4c499-86d4-4f3e-bb26-bf65ae66dfc5,metal.glass,premium,114,24,5,,,
87a8105e-af62-491f-937a-c744eb614c42,metal.global,premium,114,24,5,,,
502fd603-895c-4b12-90cb-20dca92ce3f9,metal.gmbh,sold,114,24,5,Dynadot Inc,30/09/2025 07:18,30/09/2026 07:18
1bfd9a09-c449-4d8f-9ae2-94d0f76a7531,metal.gold,resell,114,24,5,"DNSPod, Inc.",18/03/2019 23:19,18/03/2026 23:19
1bb86480-606e-413a-b207-e3b786523621,metal.golf,available,114,24,5,,,
e283f71b-4f6d-416c-8933-1159c55b4c50,metal.gratis,available,114,24,5,,,
4b34e7c9-110d-4a84-89d6-30e7de5e1c04,metal.green,premium,114,24,5,,,
fccf4904-3eb1-4826-a0b7-42cb9606958c,metal.gripe,available,114,24,5,,,
4721e6bb-6922-4801-ba2f-5374e6ce112e,metal.group,resell,114,24,5,Alibaba Cloud Computing Ltd. d/b/a HiChina (www.net.cn),25/08/2021 19:20,25/08/2028 19:20
e837438f-8a99-434b-9a23-e52179e7eee5,metal.guide,expired,114,24,5,"Spaceship, Inc.",20/09/2024 23:16,20/09/2025 23:16
9117cd3e-bdca-44e5-aad6-33623d02e380,metal.guitars,premium,114,24,5,,,
31c9a28e-0018-4830-abe5-e71ec0b80b85,metal.hair,premium,114,24,5,,,
aab8dcf2-7206-4ff4-a30d-b657a6d52699,metal.healthcare,available,114,24,5,,,
26c0fcd0-68e4-44b4-855d-b281661eaa44,metal.help,premium,114,24,5,,,
fdbc6f54-ed14-4430-a732-ecfcd246ee51,metal.hiphop,available,114,24,5,,,
fc7e2bc3-0293-4a09-b529-c051a1b6c3d6,metal.hiv,available,114,24,5,,,
4984ad2f-0f8c-4988-8ddb-29761cd4031b,metal.hockey,available,114,24,5,,,
ccb47c0d-5a97-48dc-a018-c733ed844bcf,metal.holdings,available,114,24,5,,,
a156c56a-68df-4ec3-86aa-74748c30e3c2,metal.holiday,available,114,24,5,,,
c866b8ad-8e63-45e3-a853-6ea25782fd51,metal.homes,premium,114,24,5,,,
bb66a345-7dbd-4375-b233-e326a5729185,metal.horse,available,114,24,5,,,
ce90797e-c28c-4395-a6c5-4d2ece44cbb2,metal.hospital,available,114,24,5,,,
dc6a9eec-825f-45f0-9e0b-4e079e3e124e,metal.host,premium,114,24,5,,,
126ae359-aabf-45b0-8607-cee106361b53,metal.hosting,available,114,24,5,,,
46df1c09-a290-4f48-9795-3620e95657ac,metal.hot,premium,114,24,5,,,
e3aad581-c112-4086-96aa-b47ec51a9fd7,metal.house,sold,114,24,5,Dynadot Inc,10/11/2019 23:17,10/11/2026 23:17
aecb1872-63c3-4dc5-9044-df3eb4657640,metal.how,premium,114,24,5,,,
8e0b2649-b583-48e1-a5c0-efa8e964d860,metal.icu,premium,114,24,5,,,
fd06266f-8815-4d43-961e-3dbe85eb9efb,metal.id,resell,114,24,5,PT Registrasi Nama Domain,15/06/2018 09:06,15/06/2026 23:59
b73115e9-42b5-4e09-aba4-9dfde1ba0c5c,metal.im,premium,114,24,5,,,
0425e9f8-2390-4d0d-926d-56368bace61f,metal.immo,available,114,24,5,,,
0230ae63-e4eb-4304-b4eb-c4471e4e4913,metal.immobilien,available,114,24,5,,,
6c2fda7d-ddff-494d-bea8-7c8304222fc7,metal.in,resell,114,24,5,1API GmbH,16/02/2005 06:33,16/02/2026 06:33
c5ea3521-3009-4e7e-88c9-5889af529619,metal.inc,premium,114,24,5,,,
2374179f-c112-40c6-8da8-749abea05213,metal.industries,premium,114,24,5,,,
f8b880ed-e0d7-431b-956b-f5a01251b831,metal.info,resell,114,24,5,"Spaceship, Inc.",17/09/2018 10:27,17/09/2026 10:27
bdad2fbc-6a16-425d-828d-ec1e323d9d6a,metal.ing,premium,114,24,5,,,
a5b5ca38-4e93-4287-98c4-c48ad7f796ec,metal.ink,premium,114,24,5,,,
8cd77b8e-ad29-4287-99fa-14a306d96329,metal.institute,available,114,24,5,,,
ff4a64bb-2d28-48ad-b7ce-79767f626182,metal.insure,available,114,24,5,,,
c215a7ed-838e-423e-965f-c73a507d7b2c,metal.investments,available,114,24,5,,,
4f5b20f8-da3d-42df-bf86-e43cab7f5cd4,metal.irish,available,114,24,5,,,
d1a0a448-5c1c-4f81-afd9-4db03402497f,metal.it,sold,114,24,5,,16/02/2000 00:00,18/06/2026 00:00
2a3e0f1e-51b9-43b1-a6cc-00d43e9a103c,metal.jetzt,available,114,24,5,,,
1adbc615-edea-44e8-b304-d4d88d0ae2f1,metal.jewelry,premium,114,24,5,,,
c4c39a80-816d-4fd8-810e-4804e65f6ee5,metal.juegos,available,114,24,5,,,
d8c3cf68-99f2-4ddc-a94d-181ecee354d7,metal.kaufen,available,114,24,5,,,
867bddf3-e6ff-4071-b8ba-e977a9cbe9a1,metal.kids,premium,114,24,5,,,
447c50be-9c35-4c18-a3a1-e3f8c771a10b,metal.kim,available,114,24,5,,,
6d56356d-406f-42cc-acfa-fa5469763a73,metal.lat,expiring,114,24,5,Namecheap,28/12/2024 00:41,28/12/2025 23:59
b4928ab9-fff1-4a67-b15f-87a00bb68d88,metal.lawyer,available,114,24,5,,,
422bea2a-f299-458e-9847-f7a2f2764bf4,metal.lease,available,114,24,5,,,
2b5a45d5-cfd8-4d35-9756-f8cb07b4e9f0,metal.legal,available,114,24,5,,,
9132d29f-79d8-4f5d-ac66-9ede98b0eae2,metal.lgbt,available,114,24,5,,,
6588938a-e3d6-4179-8b8b-c3dd740dff11,metal.life,resell,114,24,5,"Global Domains International, Inc. DBA DomainCostClub.com",03/03/2025 15:15,03/03/2026 15:15
c32aa4b7-40b5-4e67-808b-f452802d9d38,metal.lifestyle,premium,114,24,5,,,
7b8e28d0-62b3-40e2-9e8f-fe8d58d319e8,metal.lighting,available,114,24,5,,,
0ff2ac2a-ea7a-4560-933f-dfb16d72d4a8,metal.limited,available,114,24,5,,,
3a0fb153-2908-4f33-8d72-2ee804d0e32c,metal.limo,available,114,24,5,,,
b8118f4e-43d0-4235-ab8d-ed81373e98d9,metal.link,premium,114,24,5,,,
4589974a-b85b-4fe2-8b4c-3a0d5f5e927b,metal.living,premium,114,24,5,,,
7b6e7ec1-d867-4895-a00b-4b8f68e33990,metal.llc,premium,114,24,5,,,
567015a1-e2d5-455c-8206-df199079ba27,metal.loan,premium,114,24,5,,,
7b9808fd-4749-4fb2-b97f-86481ca879d4,metal.loans,available,114,24,5,,,
eaeede0c-0584-4708-9d83-03a337ef3fac,metal.locker,premium,114,24,5,,,
19154f91-30c2-4f49-a072-200f093d480e,metal.love,premium,114,24,5,,,
28900dbd-75a2-44d4-bc99-7f1ff9e66b4f,metal.ltda,available,114,24,5,,,
c79b21c3-892e-46e1-a241-8b68ecef9ddb,metal.luxe,available,114,24,5,,,
1db00e9c-a5c2-4de7-83c6-61ab7bd8bbfd,metal.luxury,premium,114,24,5,,,
583191ad-5906-4d65-97ac-7a801bd0202f,metal.maison,available,114,24,5,,,
1d7e04e5-ccb0-4dcb-b6ca-dab7beb8bc2a,metal.makeup,premium,114,24,5,,,
ff6b388a-b0a7-4361-b5d4-a7f6e3e3ca45,metal.management,resell,114,24,5,"Sav.com, LLC",02/11/2025 17:15,02/11/2026 17:15
7cefcadd-900f-47dc-9a68-7d3d82f398a2,metal.marketing,available,114,24,5,,,
b3a7e5dc-775c-41e3-898e-172dfc54bd57,metal.mba,available,114,24,5,,,
63aacba1-f278-4064-903d-2c753b2ee2f9,metal.meme,premium,114,24,5,,,
621f4be3-63d4-4b8b-8141-f328ecd0dac3,metal.memorial,available,114,24,5,,,
1abf8351-eb76-4aab-83bb-f2b29933f88f,metal.menu,premium,114,24,5,,,
255a0193-f6da-45a9-bbc7-e1eee5c5e317,metal.miami,premium,114,24,5,,,
64ea2b98-1a62-4da9-9673-be12e78c719a,metal.mobi,premium,114,24,5,,,
5bc4c085-0cd4-471d-91ca-80555d8e04a1,metal.moda,available,114,24,5,,,
5f3feffe-477c-4570-82c3-0e0294440ace,metal.moe,premium,114,24,5,,,
20aac0bc-84d2-4974-b7c8-a7c7152758d5,metal.mom,premium,114,24,5,,,
8c011696-8c4b-4042-ab3d-876b91b929b7,metal.money,sold,114,24,5,Dynadot Inc,27/09/2018 06:39,27/09/2027 06:39
e809e227-64b9-496c-9cc7-c036751dcfa7,metal.mortgage,available,114,24,5,,,
843b9c21-343a-49bc-aa0c-60b5641572db,metal.motorcycles,premium,114,24,5,,,
daf3c433-7299-4d82-9440-29422dcd0e2f,metal.mov,premium,114,24,5,,,
7d693ea3-db44-44eb-a61d-ada56a732b87,metal.movie,available,114,24,5,,,
7ace75cb-540c-40ba-a5ac-6f62f0382857,metal.music,premium,114,24,5,,,
745457a7-3239-461d-b8ba-6f220fc1d150,metal.navy,available,114,24,5,,,
3114f19a-6996-414a-b8a9-96777dde2ec6,metal.network,sold,114,24,5,"GoDaddy.com, LLC",29/11/2015 11:53,29/11/2026 11:53
685a1780-b02d-4865-a05d-6f6cedcc7aef,metal.nexus,premium,114,24,5,,,
d84aca80-02ae-4130-9c8a-7433e7fae993,metal.ngo,available,114,24,5,,,
2c89b51e-a259-477c-a382-713d72781eef,metal.ninja,premium,114,24,5,,,
1775a16f-ba6c-414c-bdb0-f0840edb4eba,metal.now,resell,114,24,5,Dynadot Inc,13/01/2025 12:34,13/01/2026 12:34
39aa2c19-22d3-459a-bd0a-40f956622527,metal.nyc,premium,114,24,5,,,
71fae086-68de-493d-81da-246523deea12,metal.observer,premium,114,24,5,,,
5fbef155-0730-4c3f-915f-ddac33db400e,metal.one,premium,114,24,5,,,
7bc0ecb3-6046-4230-9fec-4e97dfa0a97e,metal.ong,available,114,24,5,,,
d72ed59d-55c7-4c2b-a44f-fbb1e5682fce,metal.online,premium,114,24,5,,,
f6c3e4ed-89a4-408f-bd85-8bd7ee3451a7,metal.ooo,premium,114,24,5,,,
0c4631bb-5d24-4f62-81c4-071721876f12,metal.organic,available,114,24,5,,,
4730f7f5-acd6-405c-bd10-6709862cea1e,metal.osaka,available,114,24,5,,,
0c96f580-7d45-484d-b84c-95f229d3253f,metal.page,premium,114,24,5,,,
df0586b0-a5ea-49ad-a2f4-2b6306d1dd2c,metal.partners,expiring,114,24,5,Tucows Domains Inc.,05/01/2024 23:39,05/01/2026 23:39
62c91eb5-2992-4706-b311-e038cd69a9a5,metal.party,sold,114,24,5,"Cloudflare, Inc.",17/11/2025 00:47,17/11/2026 00:47
93e69189-e7e5-4012-967c-28bb89cb0599,metal.pet,expiring,114,24,5,"GoDaddy.com, LLC",13/12/2023 12:02,13/12/2025 12:02
48baff47-d9c0-46f6-bfa5-888b55f412be,metal.phd,premium,114,24,5,,,
c05a97ad-ad8d-494b-8e62-eb9a84201a83,metal.photo,premium,114,24,5,,,
baa23ea6-9ecf-4bab-97ae-42d0a6c64e46,metal.pink,premium,114,24,5,,,
fa4552f2-5d33-42b5-a1fe-eb91f8f48f6e,metal.plumbing,available,114,24,5,,,
cfa0ea5f-02fa-41ee-b531-dd7e4c3d967a,metal.plus,expiring,114,24,5,"Xiamen ChinaSource Internet Service Co., Ltd",30/12/2018 20:45,30/12/2025 20:45
a1efebd4-352c-49a9-88f0-4b1288fa55aa,metal.poker,available,114,24,5,,,
fe66ac6e-ba7e-4355-9beb-37cb818d263f,metal.porn,available,114,24,5,,,
1ecb4986-4a4b-42f4-b5b5-ca2c7792eae1,metal.press,premium,114,24,5,,,
fe773373-3cc8-4bef-a084-8b24e310df25,metal.productions,premium,114,24,5,,,
a9c9b8f2-f91e-4cb9-98d8-b6d89fb3420f,metal.prof,premium,114,24,5,,,
d802f7d2-b857-4b94-9e24-5326fd523994,metal.promo,resell,114,24,5,IONOS SE,25/11/2025 21:56,25/11/2026 21:56
79ffc1d7-3c91-4c8b-a0ad-71b9c0024e33,metal.properties,available,114,24,5,,,
43ef9633-b41e-4bd0-b9ac-556c3c54d8c0,metal.property,premium,114,24,5,,,
5465dba9-f2d3-4157-a1dd-4bd495cc0094,metal.protection,available,114,24,5,,,
78f2792f-a251-4b34-84ef-2b56ebbf7622,metal.pub,available,114,24,5,,,
5c93c1f6-0271-483c-b76d-39a329b1c869,metal.pw,premium,114,24,5,,,
5c968320-a68e-472b-8e5e-c9e9bb12b6ed,metal.qpon,available,114,24,5,,,
2229e2e5-479c-4390-aaef-323ed6c9af62,metal.quest,premium,114,24,5,,,
a37d3ecf-c566-4556-9a3e-16a9719efcb8,metal.racing,premium,114,24,5,,,
7b83061d-28e6-4246-80a1-ca67d2e08609,metal.realty,available,114,24,5,,,
71a6457a-1ca8-4504-af43-f4acecb1202b,metal.recipes,available,114,24,5,,,
31253bdf-730e-4bd2-94fd-32715aa2d3cd,metal.red,premium,114,24,5,,,
d7523fe8-a1a2-4e3a-b682-3fcc0fb59f10,metal.rehab,available,114,24,5,,,
552b6be5-05b0-4666-89ee-4c59409132bd,metal.reise,available,114,24,5,,,
ea69cba8-724f-48fc-9383-7de23b50522e,metal.reisen,available,114,24,5,,,
322af649-3329-46be-ba79-fe41acb62bc7,metal.rent,available,114,24,5,,,
1ec19df7-e65b-4788-9393-cd06406f0c4d,metal.rentals,available,114,24,5,,,
5387d131-ca77-422f-95de-56b8ed4f1687,metal.repair,available,114,24,5,,,
d253d825-2c38-4f38-967d-390619f1d961,metal.republican,available,114,24,5,,,
ebec5267-e6dc-4bd9-9a26-07824e37646d,metal.restaurant,available,114,24,5,,,
67ed59a8-8c62-42a3-98e5-47023aef1229,metal.review,premium,114,24,5,,,
912362fb-bb4b-4adb-a062-b338ad475845,metal.reviews,available,114,24,5,,,
89117add-0ff8-400b-8a56-f194de85f27e,metal.rich,available,114,24,5,,,
b9e4384e-4a35-4755-8701-0434ca6514c6,metal.rodeo,available,114,24,5,,,
a40888ab-d7b5-4b8e-817a-dadc67af3561,metal.rsvp,premium,114,24,5,,,
9fb5a2ae-67b0-4a05-8006-902a39a26c0c,metal.run,resell,114,24,5,"Sav.com, LLC - 41",06/05/2025 15:15,06/05/2026 15:15
9a37f934-b9a9-4d3b-bd1d-05bdb8249144,metal.salon,available,114,24,5,,,
edef1e28-b403-472a-8087-ae8a2fb08fb8,metal.sarl,available,114,24,5,,,
14879cf6-e4f5-4916-9b46-09c98e34ab12,metal.sbs,premium,114,24,5,,,
4814fcbd-66e7-4f22-8044-4321df31aeaf,metal.schule,available,114,24,5,,,
bab8bf4a-fafc-4438-a940-ac9216869ee5,metal.science,premium,114,24,5,,,
67d0d61c-af62-40f0-90a6-14aaa330de10,metal.security,available,114,24,5,,,
fd82328b-127a-4017-b5af-d5b1f7852f4c,metal.sexy,premium,114,24,5,,,
d271521a-2f01-4e3c-9c58-bc6ce7a8cc6e,metal.shiksha,available,114,24,5,,,
1567a809-615c-4ea1-96da-6a9491fd1b43,metal.shoes,available,114,24,5,,,
27cca870-29a2-46eb-99b3-14c81f84b777,metal.shopping,available,114,24,5,,,
d221fae2-a8db-4ef6-a1d8-5325f093cbf8,metal.show,resell,114,24,5,"DNSPod, Inc.",13/06/2024 15:15,13/06/2026 15:15
07dbb51c-aab6-43bb-be7c-35c8a5529467,metal.singles,premium,114,24,5,,,
e12ed6f0-ca26-4cca-9011-7b62706a82ae,metal.site,premium,114,24,5,,,
90d2bfe1-8b84-4ba8-b389-5c4f0a01ffe4,metal.ski,premium,114,24,5,,,
724bddd7-2252-415f-9410-9cf461b1e469,metal.skin,premium,114,24,5,,,
3ad50187-d3f7-413a-89c7-19ba3da21067,metal.soccer,available,114,24,5,,,
37b218de-ee6b-43d2-a9fb-25e472a2c84a,metal.solutions,sold,114,24,5,Dynadot Inc,23/02/2019 08:14,23/02/2026 08:14
ace6ade9-fe33-404b-bad9-493fd55b0c68,metal.soy,premium,114,24,5,,,
9113505e-605e-46d9-81ab-254c085eb29c,metal.spot,premium,114,24,5,,,
ec527672-a430-4336-b4c3-cbd377775ea2,metal.storage,available,114,24,5,,,
a00c69a2-853a-4e72-9208-e910dd18885c,metal.store,premium,114,24,5,,,
faf8fd04-0bcf-4bdd-a114-3e4fc5c9b585,metal.stream,premium,114,24,5,,,
1ee02567-a00e-46b6-8da7-76caad1daf89,metal.study,premium,114,24,5,,,
24c8377d-5356-4044-b40e-02b213500275,metal.style,premium,114,24,5,,,
263e0d53-0a85-4e6b-b42d-5cde490d9e09,metal.sucks,premium,114,24,5,,,
144af3d0-ebff-40dc-8640-d6be9238335d,metal.supplies,premium,114,24,5,,,
88607227-d22a-4f46-8657-c5c68f681b01,metal.supply,sold,114,24,5,Dynadot Inc,31/01/2018 09:01,31/01/2026 09:01
f3afc636-a047-4d6d-a963-b96287ecfe7b,metal.surf,premium,114,24,5,,,
9984c9ba-a230-486f-be73-1986383f40d0,metal.surgery,available,114,24,5,,,
92cc53ca-44be-4862-8290-760e12907db3,metal.talk,available,114,24,5,,,
0b150233-4f74-4182-b919-aee9fbc1120d,metal.tax,available,114,24,5,,,
74a437ba-833a-4f9f-be6f-4b573568c05e,metal.taxi,available,114,24,5,,,
07725bd6-e795-4876-9f6f-04cfe9d97288,metal.team,resell,114,24,5,"Chengdu West Dimension Digital Technology Co., Ltd.",13/10/2019 05:18,13/10/2026 05:18
19774194-e64f-4111-a45e-4d63d7866879,metal.tech,premium,114,24,5,,,
841c0c6a-1243-4151-aa13-765aa64cfdb7,metal.tennis,available,114,24,5,,,
47709cb7-3ec6-4dc7-84ac-71daa4edfc3d,metal.theater,available,114,24,5,,,
b3aa819b-b08a-40c7-8f14-4967cc907920,metal.theatre,available,114,24,5,,,
9911d9bb-1728-4a86-a700-dc80c6173a0f,metal.tickets,available,114,24,5,,,
22ad5e45-8c25-428f-8947-a8cb0d661fb9,metal.tienda,available,114,24,5,,,
cdad9c66-1a14-4864-9c6f-c8e57c92a0dd,metal.tires,available,114,24,5,,,
b42366b7-b9eb-4c4a-9cb4-7cbba7bb6b43,metal.today,resell,114,24,5,"Chengdu West Dimension Digital Technology Co., Ltd.",13/01/2024 15:15,13/01/2026 15:15
1e0202f3-bab8-4e5c-baca-bb90ede9f21e,metal.tools,premium,114,24,5,,,
b26a31f0-c819-4713-a72b-25594f90728f,metal.top,premium,114,24,5,,,
f8c7c945-9d9c-433c-8f92-bed5b413ea56,metal.town,available,114,24,5,,,
66808af1-1de6-46be-82c1-de4beacf74b7,metal.toys,resell,114,24,5,"GoDaddy.com, LLC",11/10/2025 05:40,11/10/2026 05:40
4d3d86fc-a6ef-482f-a09e-a24c0ce5cb0e,metal.trade,premium,114,24,5,,,
50935456-eeb0-47aa-bd1f-773efa8769c8,metal.training,available,114,24,5,,,
ed167c6b-efe4-4859-af0e-0984452397f4,metal.uk,resell,114,24,5,"GoDaddy.com, LLC.",24/06/2019 01:26,24/06/2028 01:26
15fd85b7-a00d-49e2-838f-e40a02dac84b,metal.university,available,114,24,5,,,
ab923af2-2b91-4aad-85cf-fda5703cbf58,metal.uno,premium,114,24,5,,,
eb6cfacb-e9b5-4c41-8f2b-6fe9f0d2c73d,metal.us,resell,114,24,5,"GoDaddy.com, LLC",24/04/2002 14:12,23/04/2026 23:59
93482ccf-beba-4d04-afb1-c821da9003e4,metal.vacations,available,114,24,5,,,
93d92efe-7393-4e29-9c47-18bb6136c510,metal.vana,available,114,24,5,,,
1222e1a0-438f-4e36-b853-e82a68e42ad6,metal.vc,resell,114,24,5,Dynadot Inc,23/07/2020 22:56,23/07/2026 22:56
c32787fb-8eda-41ae-9691-02ed2f4e1b7d,metal.vegas,premium,114,24,5,,,
0096fe65-4f87-4484-b7cd-a793380f952f,metal.vet,available,114,24,5,,,
d3e14499-8efd-475a-b4ea-2d73db34ffdb,metal.viajes,available,114,24,5,,,
9d51ee9b-c044-4f00-9fe9-80aa20d2b027,metal.video,premium,114,24,5,,,
460451dc-b63a-47d9-baac-23e5be245dea,metal.villas,available,114,24,5,,,
292f52be-a4fe-4ef7-86ce-be52502195a8,metal.vin,available,114,24,5,,,
90c5580f-f008-4184-b2bd-cc9d7f91edc3,metal.vip,premium,114,24,5,,,
a586e9a1-d06c-4359-85d4-5a9f24aad249,metal.vision,expiring,114,24,5,Squarespace Domains II LLC,23/12/2015 23:13,23/12/2025 23:13
23042e3a-0314-46cf-a145-eea06431fb46,metal.vodka,available,114,24,5,,,
fa020a7a-a658-4b02-969b-534aac116094,metal.vote,available,114,24,5,,,
37f9ac28-d755-435c-9a88-48f731f340d8,metal.voting,available,114,24,5,,,
dd769097-7a44-464f-b306-e765ba9e8a53,metal.voto,available,114,24,5,,,
9a2bc3da-16a5-47ef-9549-a9829cb38102,metal.voyage,available,114,24,5,,,
9d2c803e-7609-4915-a7a8-2196bb6a18f9,metal.watch,premium,114,24,5,,,
d575d5c2-4a99-45ad-9ec3-2b21583285cc,metal.webcam,premium,114,24,5,,,
c7f87015-0d79-44f7-89c3-6efa6a5d7d67,metal.website,premium,114,24,5,,,
65e4bf0e-d1e1-4c82-a283-d8eeb0bc2bb9,metal.wedding,available,114,24,5,,,
12456b17-994d-49db-983c-17510b61120b,metal.wiki,premium,114,24,5,,,
b4ff7840-eb94-4550-84e2-e0f556ceb795,metal.works,sold,114,24,5,Dynadot Inc,18/10/2017 08:16,18/10/2026 08:16
770bfebc-2144-457d-b84e-ac3da5074021,metal.world,resell,114,24,5,Alibaba Cloud Computing Ltd. d/b/a HiChina (www.net.cn),31/03/2020 20:44,31/03/2026 20:44
5421355c-d747-4ce4-bc8e-94458faf90a4,metal.wtf,resell,114,24,5,"Sav.com, LLC - 36",06/05/2025 15:15,06/05/2026 15:15
4d9fbca0-8333-4b67-be92-85cca1f38223,metal.xyz,resell,114,24,5,"Go Daddy, LLC",02/06/2014 16:13,02/06/2026 23:59
80e6ed94-3ec1-418d-8fae-a55d35912b0d,metal.yachts,premium,114,24,5,,,
84c5e7f2-13a1-4cc8-b689-4bb81f3a72b7,metal.you,available,114,24,5,,,
1f26b743-d1e4-4ead-b0a8-6e75a46a0f25,metal.zip,premium,114,24,5,,,
eb4ec07d-a1a3-41d0-9b5d-1db2b8c04494,metal.zone,sold,114,24,5,"Key-Systems, LLC",24/07/2015 10:11,24/07/2026 10:11
b0c46465-6a3a-4be9-9bd7-cba0e412b7de,automation.at,sold,62,88,10,HostProfis ISP Telekom GmbH ( https://nic.at/registrar/113 ),,
05e3784b-730c-4215-9282-561948d2ee95,automation.io,resell,62,88,10,Dynadot Inc,07/09/2004 16:40,07/09/2025 16:40
4d568c41-15db-4323-8ca6-f9373c5ad218,automation.me,expiring,62,88,10,"GoDaddy.com, LLC",09/07/2008 17:01,09/07/2025 17:01
c4f0e421-4fc4-483e-bbc2-a168110aeae3,automation.ninja,resell,62,88,10,"GoDaddy.com, LLC",21/03/2021 19:23,21/03/2027 19:23
29b9a9f1-ac1e-4f4c-a415-e5df8313419f,automation.site,premium,62,88,10,,,
21ce18ba-89d2-4ca1-99de-3e1b61decff5,automation.tech,premium,62,88,10,,,
3f29baeb-551b-48db-a142-657598a82673,automation.us,resell,62,88,10,"GoDaddy.com, LLC",11/05/2013 18:01,10/05/2026 23:59
f9d8029f-0f60-477d-93e8-f369538c4fd8,automation.xyz,resell,62,88,10,Dynadot LLC,22/04/2020 02:43,22/04/2026 23:59
30324647-bd9a-4599-9a29-cb5a68a63c8d,brazing.app,available,56,24,7,,,
ee404acb-071a-4b0d-b417-c82177d7df56,brazing.at,available,56,24,7,,,
4611aff9-9a24-4424-ad83-0871ca8869e8,brazing.cloud,available,56,24,7,,,
7bc69eae-7f4f-422a-a759-1abc420212a7,brazing.co,expiring,56,24,7,Sav.com LLC,24/07/2024 03:42,24/07/2025 03:42
83143052-2b4d-42ab-9497-8462dd44d4e7,brazing.dev,available,56,24,7,,,
39dbce71-f118-49ff-a6c3-b578c17dc421,brazing.expert,available,56,24,7,,,
320258c9-1b21-415d-909e-16a46b89ff8a,brazing.gg,available,56,24,7,,,
a051c9ac-c49a-42f7-8f24-54f7b16dcd6e,brazing.io,available,56,24,7,,,
59c5e1d2-ef3e-4a1b-9399-d4b275118508,brazing.me,available,56,24,7,,,
d7194b4a-f932-4234-8be1-6e1a0c6188fb,brazing.ninja,available,56,24,7,,,
2184510a-5298-4c14-8e39-8e2c6486f555,brazing.online,premium,56,24,7,,,
d6ee8e53-6a9d-456c-ae1a-8745c7d943b4,brazing.pro,available,56,24,7,,,
c102b40b-40d8-4314-a798-96b724a28ef1,brazing.site,premium,56,24,7,,,
7afd8cd9-0b67-4804-80ef-cd1dcc8ec73c,brazing.so,available,56,24,7,,,
d3cf8b1f-338e-4899-a925-bc91c72ec380,brazing.space,premium,56,24,7,,,
373eb840-b109-4e8a-ac66-09ba142bc53e,brazing.store,premium,56,24,7,,,
6b0bc6d3-664b-47e7-b5ff-67ed3e2fee33,brazing.tech,available,56,24,7,,,
b3e1b419-4cef-4877-9e94-0e1983aeb5a7,brazing.us,available,56,24,7,,,
b6122fe3-111d-4f69-ad21-afe707f1790a,brazing.zone,available,56,24,7,,,
f01fc940-da96-47c8-89b9-e63c473556c2,painting.app,expiring,62,80,8,Squarespace Domains II LLC.,24/07/2023 17:46,24/07/2025 17:46
d65ddcb7-28a1-4cc9-93fc-fb741b8c1615,painting.at,sold,62,80,8,registrant:     <data not disclosed>,,
b1d73c1d-fbe6-4ed6-bf45-38c1293b6622,painting.cloud,premium,62,80,8,,,
b4c45f50-8ef3-4da0-906c-6ef81e0c0a79,painting.dev,premium,62,80,8,,,
ad59ad47-4411-4add-ade8-5230dff7148c,painting.gg,available,62,80,8,,,
1a5a8657-4167-4864-a3fd-73642ad8ac1b,painting.io,resell,62,80,8,Dynadot Inc,13/02/2015 20:06,13/02/2026 20:06
fb01def1-73ff-4550-ac54-11396a2d2e08,painting.me,expiring,62,80,8,Epik LLC,09/07/2008 17:07,09/07/2025 17:07
593e1ee8-1526-4c25-84bc-7907030367ab,painting.ninja,premium,62,80,8,,,
6ce095dc-01de-4b96-8754-3b2abeb1a929,painting.online,premium,62,80,8,,,
d746dabd-7208-41dd-8ace-3054e95e898a,painting.site,premium,62,80,8,,,
cd8c3679-ca7e-4c2f-b61d-d86cb69c7bd5,painting.so,available,62,80,8,,,
8bfaf68d-aad6-4290-978d-169e1d6f0b63,painting.space,premium,62,80,8,,,
c604a355-7fa0-42a2-85ff-9c9435f7a6b3,painting.store,premium,62,80,8,,,
6fa8279b-1b3d-45e4-a306-a03d46fdff84,painting.tech,premium,62,80,8,,,
67dea2e5-e241-4a50-b890-6c7a2e9ca06a,polishing.app,premium,82,76,9,,,
1f5adfa4-c058-4aec-a990-c934cf78bc45,polishing.at,available,82,76,9,,,
8287b986-bcc1-45c0-b97a-1d7d92e335a6,polishing.cloud,available,82,76,9,,,
93287844-7243-4da5-ba0b-90f26fdefed8,polishing.dev,available,82,76,9,,,
ade3c9af-6b48-4ef3-808b-06169d579856,polishing.gg,available,82,76,9,,,
f5ff7792-c0cb-4116-8ebe-886fb259df76,polishing.io,premium,82,76,9,,,
4eb2258e-a563-4afe-89e3-61ff546be42e,polishing.it,expiring,82,76,9,,03/01/2000 00:00,25/07/2025 00:00
64c07a67-287b-49cd-8fdd-3dcc8f45df5b,polishing.me,available,82,76,9,,,
414e49c9-7fdd-463d-a071-7179066f18f4,polishing.ninja,available,82,76,9,,,
a2b26446-4a15-41c3-8d2c-f75cd7b76ecb,polishing.online,expired,82,76,9,"Go Daddy, LLC",18/05/2024 14:58,18/05/2025 23:59
26846d07-4f3d-4067-8990-888b9e48b731,polishing.org,resell,82,76,9,"Cosmotown, Inc.",31/10/2021 14:30,31/10/2025 14:30
bd3308ad-45a9-4417-a5d4-6a0d8a0feae1,polishing.pro,available,82,76,9,,,
3a4ff274-8bd7-4c6e-bdec-fb78269f8cb7,polishing.site,premium,82,76,9,,,
bc174e8c-d800-4b28-ae5e-41f9508f5596,polishing.so,available,82,76,9,,,
395215de-4ff7-493c-ac08-209118a86e2b,polishing.space,available,82,76,9,,,
4436fcb0-782a-49d8-8062-a296f73984f3,polishing.zone,available,82,76,9,,,
5972b1b3-cc5c-47df-be0f-112c0cbaf71d,product.at,sold,84,92,7,NETIM ( https://nic.at/registrar/586 ),,
c81faf96-ca9f-4fe8-b8d2-e75f5d846f50,product.cloud,resell,84,92,7,Tucows Domains Inc.,12/02/2020 14:39,13/02/2026 14:20
83d57d9a-64e2-47ad-be56-c0f07e9616ee,product.online,premium,84,92,7,,,
b76bd47b-8be9-4470-9ebf-2332922c91c5,product.site,premium,84,92,7,,,
5bf2a6ce-b9bc-4f2c-905a-690c337680a8,product.so,resell,84,92,7,NameCheap,30/06/2020 21:50,30/06/2026 21:50
c615975d-e4df-4535-9744-3dda7f7f50e6,product.space,expiring,84,92,7,"Go Daddy, LLC",01/08/2018 22:12,01/08/2025 23:59
d52fd0f9-407d-4784-8c23-4985e11c5441,product.store,premium,84,92,7,,,
b689fd32-dc60-46db-8f94-a10cc0956cc8,product.tech,premium,84,92,7,,,
85b53c64-cc76-40f6-8bdd-69e2c5df2317,robotics.expert,premium,60,84,8,,,
c46448f6-b718-47c7-b834-5b3eed859c6c,robotics.gg,resell,60,84,8,Dynadot Inc. (https://www.dynadot.com),,
cf995466-b781-449a-82f2-206c26e273b9,robotics.me,expiring,60,84,8,1API GmbH,17/07/2008 15:18,17/07/2025 15:18
263530f9-f01e-40e6-8a56-16b0790af025,robotics.site,premium,60,84,8,,,
b7ea5c74-12e8-4c30-8f64-59cdf5112905,robotics.so,resell,60,84,8,Dynadot LLC,26/10/2023 08:36,26/10/2025 08:36
fb3e4d4e-07c1-4eb8-95e7-d11be7c3efe2,robotics.store,premium,60,84,8,,,
18c40fc1-a647-407c-be74-09343f160168,robotics.tech,premium,60,84,8,,,
92271b05-546a-498a-856e-2763a92c139a,robotics.us,resell,60,84,8,"GoDaddy.com, LLC",24/04/2002 14:01,23/04/2026 23:59
70725dd0-202c-4549-9be0-0a6c8d47238c,robotics.zone,expiring,60,84,8,"Chengdu West Dimension Digital Technology Co., Ltd.",24/07/2018 10:09,24/07/2025 10:09
83bc7174-7724-460b-9467-2d80c1786fa5,industrial.academy,resell,62,21,10,"Sav.com, LLC - 36",02/04/2025 15:15,02/04/2026 15:15
624a5eb2-dd6e-4fc2-8457-dfa763b574a7,industrial.accountant,premium,62,21,10,,,
9ed161a6-c65e-4bfd-bbe3-d88303e9812c,industrial.accountants,available,62,21,10,,,
1be2cd9b-e866-49e6-82d7-cdbbc7a51037,industrial.actor,available,62,21,10,,,
02981ec2-040d-4b3e-b55e-1aca20312e13,industrial.adult,available,62,21,10,,,
d2d9efac-03bc-4594-94fa-6f228f063d8c,industrial.ag,resell,62,21,10,"Sav.com, LLC",15/10/2024 00:46,15/10/2026 00:46
e4cc2c16-a735-431d-a1c6-fc31a6678109,industrial.agency,resell,62,21,10,Automattic Inc.,18/07/2021 15:49,18/07/2028 15:49
e5c3ed38-e0a5-429a-90a3-576e9954fc62,industrial.airforce,available,62,21,10,,,
3acebac5-aa94-4a3d-891e-49f62b066964,industrial.apartments,available,62,21,10,,,
537bd3f6-1bea-4f65-94c5-78a4db5c7a6d,industrial.archi,premium,62,21,10,,,
fd71926a-ba22-4d19-9a26-28bb751294b0,industrial.art,premium,62,21,10,,,
e340fbbc-68b9-4b7f-bfe1-5d53361367f3,industrial.asia,resell,62,21,10,"GoDaddy.com, LLC",07/08/2008 05:01,07/08/2026 05:01
32e6609d-b8b8-46f5-9cda-2769f37933d2,industrial.associates,premium,62,21,10,,,
bf5246d4-dc09-4f52-bccb-0d53f9cb7f12,industrial.at,sold,62,21,10,RegistryGate GmbH ( https://nic.at/registrar/228 ),,
d90cbcf0-235d-4f01-b469-ccacad86e88b,industrial.attorney,available,62,21,10,,,
7026fc1e-afbb-4e26-b0ec-5d50b8d9b817,industrial.auction,premium,62,21,10,,,
6d01009f-2056-4e57-9d3f-07d5d41cc91d,industrial.audio,available,62,21,10,,,
ddc8854a-41cb-4d43-9d16-6a9473083edd,industrial.auto,available,62,21,10,,,
76e4b989-87fc-4844-95fd-0b8fdf7dca98,industrial.autos,available,62,21,10,,,
059cc106-8a35-4247-a0af-6bd104706386,industrial.baby,resell,62,21,10,Dynadot LLC,06/05/2025 12:41,06/05/2026 23:59
e163e716-7adf-467a-8bdb-fb1e9fedbe7e,industrial.band,premium,62,21,10,,,
1831b7b1-cb14-4387-b74b-d852ecbf6be3,industrial.bar,premium,62,21,10,,,
649f062e-d033-45fb-b4e2-faea9b38dbde,industrial.bargains,available,62,21,10,,,
acf0cae4-0c39-43e2-acdc-58a662bb4d0c,industrial.bayern,available,62,21,10,,,
7415196a-3593-487b-b739-115301721d39,industrial.beauty,available,62,21,10,,,
8e3192fa-9016-4b08-9430-3910fde64a05,industrial.beer,available,62,21,10,,,
f97fb479-d731-4a2e-b521-2b4f16c0745f,industrial.berlin,available,62,21,10,,,
b598b5b5-7c47-4288-9d23-f0e8491f22bd,industrial.best,sold,62,21,10,"Sav.com, LLC",04/09/2025 20:55,04/09/2026 23:59
70c807a3-500a-4716-8bca-8b18b9b0e2f8,industrial.bid,resell,62,21,10,Porkbun,09/08/2019 23:50,09/08/2026 23:50
717e0b0d-96cf-4c8b-8184-ff500c7dc5fe,industrial.bike,available,62,21,10,,,
6ccfa9ff-406e-4869-96cd-9406bf7c4a4f,industrial.bingo,available,62,21,10,,,
a0d926cf-990d-4545-8dd3-28a45f9cf650,industrial.black,available,62,21,10,,,
79056f87-09c0-4c98-8311-4ab82036fd03,industrial.blackfriday,available,62,21,10,,,
4698079a-57c2-4a88-8739-1c48921d810c,industrial.blog,premium,62,21,10,,,
9e7f7dcf-5f61-426a-9394-d83ea776abae,industrial.boats,available,62,21,10,,,
7c2aadca-8ddf-492a-a766-435ef2b862e3,industrial.boo,premium,62,21,10,,,
cadb0bb8-ff90-4793-87a9-bb013de45e58,industrial.boston,available,62,21,10,,,
6ffed08b-9e3b-4f8d-9ba7-cd4c32f5c1b7,industrial.bot,resell,62,21,10,"Dynadot, LLC",20/05/2025 10:37,20/05/2026 10:37
9862950c-16e1-4e38-85e7-37463e38dc7f,industrial.boutique,available,62,21,10,,,
f0a1ce8e-150f-41c7-a6aa-dd596241b42e,industrial.build,premium,62,21,10,,,
9e6a1175-64ea-462f-9540-9cad41cff77a,industrial.builders,premium,62,21,10,,,
bd6962cd-bf55-41a6-8000-bf15c09edee9,industrial.buzz,premium,62,21,10,,,
93d57c49-d44d-4a4a-9983-d8866bba9a63,industrial.bz,available,62,21,10,,,
0cfc5aa0-992a-4eb5-bce2-a7f4e331144f,industrial.cab,available,62,21,10,,,
43fce380-2caf-4b75-b584-7758ee520cca,industrial.cafe,available,62,21,10,,,
e96efb64-9b4e-4ad0-90d8-950e43b23827,industrial.cam,resell,62,21,10,"Porkbun, LLC",06/10/2025 02:15,06/10/2026 23:59
c980f448-42dd-4778-8e49-34c3cff7a1ac,industrial.camp,available,62,21,10,,,
539273db-ee5f-41de-8a52-c1fc2a6b70f0,industrial.car,available,62,21,10,,,
a85f3faa-dc1c-4d8e-ba7d-15635faa6974,industrial.cards,available,62,21,10,,,
7583b476-60da-429a-8293-7418da617c63,industrial.care,sold,62,21,10,Domain Science Kutatsi Szolgltat Korltolt Felelssg Trsasg,08/08/2025 15:15,08/08/2026 15:15
8b8c649d-5033-4938-822f-fd2ce69e337d,industrial.cars,available,62,21,10,,,
0646f611-3c83-4d2a-8a8b-60963b79c2c0,industrial.casa,premium,62,21,10,,,
4133a41c-e117-4861-9acf-af9596aee5c3,industrial.cash,available,62,21,10,,,
86ccb3b1-db80-4cb7-ab8f-a8ec6882ef9a,industrial.casino,available,62,21,10,,,
d8df023b-952e-452b-8064-76789f01931e,industrial.catering,sold,62,21,10,1API GmbH,12/08/2015 14:18,12/08/2026 14:18
5af174c6-0949-4e3f-acb5-eda3749cfa82,industrial.center,sold,62,21,10,Registrar of Domain Names REG.RU LLC,01/10/2025 20:44,01/10/2026 20:44
140fedf2-dfa6-4f46-868c-1c9db0d3978e,industrial.ceo,premium,62,21,10,,,
700756a1-686f-48b7-9ff7-9d7ba38b5415,industrial.cfd,premium,62,21,10,,,
af040749-69b4-4969-8ebf-a757f3ec7204,industrial.charity,available,62,21,10,,,
7e6aeca4-bc9f-4352-ae8d-929c0e5827ab,industrial.chat,resell,62,21,10,"DNSPod, Inc.",21/11/2024 17:00,21/11/2026 17:00
b54cf130-b452-41ba-b3ae-76d0451fd8a9,industrial.cheap,available,62,21,10,,,
c9dfc407-8705-4785-831c-a3c9b3c3caea,industrial.christmas,available,62,21,10,,,
4359763c-2888-4ea0-bc00-587b3d245adc,industrial.church,available,62,21,10,,,
260955f0-1ec3-4480-b671-b633e1178691,industrial.claims,available,62,21,10,,,
d550ea09-ee41-4465-bcf8-897f048eb2e0,industrial.cleaning,expired,62,21,10,"GoDaddy.com, LLC",28/09/2018 16:46,28/09/2025 16:46
46b06cd0-c4c4-46ec-b613-6f00dc2ed81f,industrial.click,premium,62,21,10,,,
61627709-2d51-451a-9bc7-ee0ff6ac5770,industrial.clinic,available,62,21,10,,,
80ed674d-d234-4926-a4e5-9e9090666475,industrial.clothing,premium,62,21,10,,,
00736592-2a43-44f0-a2ce-65be8455f96a,industrial.cloud,resell,62,21,10,Porkbun LLC,05/05/2018 00:46,05/05/2027 00:46
32931330-e2f1-4e31-8863-32b86341b0dd,industrial.club,resell,62,21,10,"Go Montenegro Domains, LLC",07/05/2014 15:01,06/05/2026 23:59
c214cfa0-cfd6-4cb2-ba8e-e23e6566c408,industrial.co,sold,62,21,10,"Spaceship, Inc.",22/09/2010 18:26,21/09/2026 23:59
946b86bf-0d17-4bd6-a9bb-2f7f77761004,industrial.coach,available,62,21,10,,,
1ed2746e-9a4d-4a7c-885d-f79c20f1ad31,industrial.codes,premium,62,21,10,,,
5b090ac8-0c57-46bd-a564-cd63304ad26c,industrial.coffee,available,62,21,10,,,
f097f553-55f0-4de7-aa36-d9df99ba48d7,industrial.college,premium,62,21,10,,,
a27a914d-8ef3-44b3-80fc-54a35d5bb46a,industrial.community,available,62,21,10,,,
c72712a1-8a48-4eb4-937d-e2b0592a4d6a,industrial.condos,resell,62,21,10,"Blue Razor Domains, LLC",04/06/2014 16:00,04/06/2026 16:00
2d034cd7-12f1-406d-8aa4-eb4a9aaaa15b,industrial.consulting,premium,62,21,10,,,
6b5cb03b-e254-4707-9bf1-3be706c1b5cf,industrial.contact,available,62,21,10,,,
bada0dda-debe-4e81-8ded-225d74a0221c,industrial.country,available,62,21,10,,,
edb4c26a-0a0a-4ce7-9744-b51968d26039,industrial.coupons,available,62,21,10,,,
0a12aa04-c397-46a7-9bf8-2aa998a6c30e,industrial.courses,premium,62,21,10,,,
2daa71da-233b-4fd6-a5e7-86bdd08de1bf,industrial.credit,available,62,21,10,,,
37499ab9-a82e-4d50-a252-90e9c6533baa,industrial.creditcard,available,62,21,10,,,
08c18a5b-ef4c-42d0-a49b-0c5227212f0e,industrial.cricket,premium,62,21,10,,,
ae20d503-c15e-4460-9c02-22e5dfa6caa0,industrial.cruises,available,62,21,10,,,
95ec28fa-d446-47d4-b1d4-13a60b96cd48,industrial.cv,available,62,21,10,,,
0fdab94c-f5ca-41bf-9593-e9e4260665ed,industrial.cx,sold,62,21,10,CentralNic Ltd,12/09/2024 00:00,12/09/2026 23:23
4cf29091-20b8-493f-965f-d5ecce6a5942,industrial.cyou,premium,62,21,10,,,
11d968d5-00d6-4998-9496-ad66d6411b4e,industrial.dad,premium,62,21,10,,,
4a8b241e-3c29-43e1-8e3d-995b41242276,industrial.date,premium,62,21,10,,,
c9d4b0ed-43f3-4693-b3bc-3b6337d43bb5,industrial.dating,available,62,21,10,,,
de088a83-16a4-4a17-873c-a51fddc6c925,industrial.day,premium,62,21,10,,,
7dffbd1d-c8ec-48a0-94b4-ef5db903ba56,industrial.deal,premium,62,21,10,,,
342f915d-f1e8-4126-8d7f-1f2341237007,industrial.dealer,premium,62,21,10,,,
439f2e55-38be-43e7-9cea-43ee5e997f2a,industrial.deals,available,62,21,10,,,
a974523a-36fe-4c35-96e4-5a7c8416c24e,industrial.degree,available,62,21,10,,,
858b81f4-8651-415f-8a22-1e638f3bbbe9,industrial.delivery,available,62,21,10,,,
fa71ac80-2aa8-4d03-aa04-06e243fc3faf,industrial.democrat,available,62,21,10,,,
1e1f8774-a97e-405d-a218-da7b6fa6713d,industrial.dental,available,62,21,10,,,
81c3cdcd-64d2-41b3-9b91-e1052989ba55,industrial.dentist,available,62,21,10,,,
cf22bd2c-6b0d-424c-ad65-453493ed20bb,industrial.design,expired,62,21,10,MMX,17/07/2024 15:59,17/07/2025 15:59
fa4cf7c3-9647-4b7c-bf7c-4021c027edee,industrial.dev,sold,62,21,10,Key-Systems LLC,29/10/2025 14:28,29/10/2026 14:28
b52349df-921f-4828-9558-d6ab2e85cbb6,industrial.diamonds,resell,62,21,10,"GoDaddy.com, LLC",16/07/2015 06:39,16/07/2026 06:39
6d478f2a-f8f6-40c5-8d92-871f36f1535d,industrial.diet,available,62,21,10,,,
014d03c9-5544-4394-8b40-e32c3b290574,industrial.diy,premium,62,21,10,,,
f008d708-f4cf-4a06-ae9e-1308101772af,industrial.doctor,resell,62,21,10,"Go Montenegro Domains, LLC",02/11/2016 16:00,02/11/2026 16:00
19c521da-90e5-48e5-bea5-d5525b5cc779,industrial.dog,available,62,21,10,,,
cb3e8e47-f00e-4100-bd8c-182781224e3b,industrial.domains,available,62,21,10,,,
b54bb16d-c32d-48e9-be72-864415d51867,industrial.download,premium,62,21,10,,,
a550027e-15cf-41f1-9e44-7093c0a9c0d3,industrial.earth,available,62,21,10,,,
f1085c90-49e8-4020-8277-8aa7594228dd,industrial.education,available,62,21,10,,,
9b38288d-84f9-4d11-9980-b473e448f424,industrial.energy,sold,62,21,10,Dynadot Inc,08/07/2020 00:59,08/07/2026 00:59
b6b07434-4125-4a89-ae24-73de26d38051,industrial.engineer,premium,62,21,10,,,
caa9d57c-5aa6-45f7-9e6a-68368d9602f0,industrial.engineering,expiring,62,21,10,"NameSilo, LLC",15/12/2023 18:16,15/12/2025 18:16
44065f4f-7858-40f3-b10e-8ff7fe5a3dea,industrial.enterprises,available,62,21,10,,,
b199da1b-35ad-4a0b-b63e-6767efb145d3,industrial.equipment,premium,62,21,10,,,
e366e660-fb0c-4678-a273-f565d14e8cb4,industrial.esq,premium,62,21,10,,,
034dedb7-34fb-4aec-96c8-3188c1a34dcf,industrial.estate,sold,62,21,10,Dynadot Inc,13/03/2019 09:30,13/03/2026 09:30
9951dc6d-c194-4d5b-add1-161b4cda5e51,industrial.eu,resell,62,21,10,"Name: WEDOS Internet, a.s. Website: http://hosting.wedos.com",,
70073981-426a-45e4-82aa-a53b19f5f406,industrial.events,expiring,62,21,10,Domain Science Kutatsi Szolgltat Korltolt Felelssg Trsasg,18/12/2024 14:43,18/12/2025 14:43
22aafa7f-2a9b-4512-89ea-0559e185762a,industrial.expert,resell,62,21,10,"Sav.com, LLC",30/01/2025 15:07,30/01/2026 15:07
c358e99e-852c-419d-b060-2ef0692a3923,industrial.exposed,available,62,21,10,,,
d71b9a38-43db-4e36-aeac-1cdc0f9bf861,industrial.fail,available,62,21,10,,,
4e15441b-c8f0-4b23-a991-2dee0a9ff921,industrial.family,available,62,21,10,,,
07b58711-82a9-4e37-896b-8f8a989dc189,industrial.fans,premium,62,21,10,,,
d4e03a05-4569-4867-a424-b1888dafd9bb,industrial.farm,resell,62,21,10,"Spaceship, Inc.",23/04/2014 16:00,23/04/2026 16:00
fe12c188-ffd3-4fee-a5e0-a8b92f0b4877,industrial.fashion,available,62,21,10,,,
d7d32283-96fc-4000-b913-816ffd200008,industrial.fast,premium,62,21,10,,,
13c4e52b-ffb5-43fd-8f93-f75de1b92088,industrial.film,premium,62,21,10,,,
5a79dde1-aa65-40d8-87db-29088564bc98,industrial.financial,available,62,21,10,,,
39d6623e-500b-4f88-8539-b87cd61fe0a1,industrial.fish,available,62,21,10,,,
c1ff6040-4f4e-4e2d-84e0-0d0125d0cd2d,industrial.fishing,sold,62,21,10,Key-Systems LLC,14/09/2023 17:53,14/09/2026 17:53
f7db7b5c-51e2-44d4-881c-0be8a85b6f33,industrial.fit,resell,62,21,10,"NameSilo, LLC",16/11/2025 15:10,16/11/2026 15:10
7f1fba45-9575-4a93-b114-0d99cd4f050f,industrial.fitness,available,62,21,10,,,
424e83c4-fd68-4b24-91ca-b65b2575ec36,industrial.flights,available,62,21,10,,,
0da63ecb-649e-471c-99ed-6a160724a70d,industrial.florist,available,62,21,10,,,
2ff7784a-3e62-4167-a928-5ed25c3dc050,industrial.flowers,available,62,21,10,,,
1af592f9-0df5-4c7c-8bb4-2295ee6a48b3,industrial.foo,premium,62,21,10,,,
dcdcf9d8-6d47-4a4f-a9f9-d0393728c302,industrial.food,premium,62,21,10,,,
2d491e66-10c7-435d-a9f8-b84e069b1af1,industrial.football,available,62,21,10,,,
a6d85c56-019f-4448-b162-93fdd2e7e4c2,industrial.forsale,premium,62,21,10,,,
69b29151-b217-4d2c-9a5b-f31ebcfe307e,industrial.foundation,resell,62,21,10,"Spaceship, Inc.",16/09/2022 06:27,16/09/2026 06:27
926f6216-c3b9-4da4-9a3c-9f7519af2b81,industrial.free,premium,62,21,10,,,
cb1686f0-94a5-4eb5-b468-0b9c65854e02,industrial.fun,premium,62,21,10,,,
90e41450-d6a0-4ff9-86af-d89b9fd29190,industrial.furniture,available,62,21,10,,,
df58c94c-aaa7-466b-9f2e-9e955be7a8cb,industrial.futbol,available,62,21,10,,,
a5d7024e-ac7a-4632-8c9b-3c01b7bdb7b5,industrial.fyi,premium,62,21,10,,,
35916770-41e6-47d9-92ca-67e43cd79c1c,industrial.gallery,available,62,21,10,,,
d42612dd-4080-4b27-81dc-3c6fb4f4461b,industrial.games,resell,62,21,10,"DNSPod, Inc.",26/07/2022 16:40,26/07/2027 16:40
ec573739-50fd-43e3-b470-2043c1238df7,industrial.gay,available,62,21,10,,,
4dfc4218-4ab2-4c51-be29-13678f814a1e,industrial.gg,available,62,21,10,,,
7c364cfe-9a8f-4d39-9830-7d4018c9ed09,industrial.gift,available,62,21,10,,,
db708bda-14b5-47e6-8e7a-6246df291b57,industrial.gifts,available,62,21,10,,,
d7218b49-4973-4ecb-9110-b26052e1915a,industrial.gives,available,62,21,10,,,
ca81ac9f-ab50-4cf8-bdd6-daa3f368fe72,industrial.giving,available,62,21,10,,,
8cf75988-d130-4954-878a-00067b792deb,industrial.glass,available,62,21,10,,,
49375f28-4f13-461a-8f2a-18a85f71aa0a,industrial.gmbh,available,62,21,10,,,
76fbc511-de56-4582-8644-b1315f78e7fe,industrial.graphics,available,62,21,10,,,
45f0fa59-17b2-4359-a59f-55c15ff2dfda,industrial.gratis,available,62,21,10,,,
7c0acee4-a5d1-48d1-a494-0b0ed69c967d,industrial.green,available,62,21,10,,,
547a1d3c-08a1-400d-b884-c133fef7675a,industrial.gripe,available,62,21,10,,,
f3cc00ec-c4a3-48fe-841f-eb13269fe5bc,industrial.guide,sold,62,21,10,Porkbun LLC,12/09/2024 23:23,12/09/2026 23:23
2158ce55-7b53-4642-af64-897bd9fc3680,industrial.guitars,available,62,21,10,,,
424ab80c-b9d7-4690-a4db-05752084e764,industrial.guru,resell,62,21,10,"Sav.com, LLC - 32",17/09/2025 17:00,17/09/2026 17:00
20ddd280-6bc2-48a3-8c45-90cdbcc5aabc,industrial.hair,sold,62,21,10,Dynadot LLC,18/10/2025 05:46,18/10/2026 23:59
d28d65da-4b7d-465c-ad25-964cbd70b18f,industrial.haus,available,62,21,10,,,
b5b9aee6-7d88-4211-b0cb-04b58ac2c9e4,industrial.health,available,62,21,10,,,
09f21b60-4af7-4b94-a794-1d5ec624b5f4,industrial.healthcare,available,62,21,10,,,
7c4ccb04-e32c-49a2-ae3e-1431cee6e80a,industrial.hiphop,available,62,21,10,,,
8b36360b-c70c-4868-b4ce-fd018a2413bd,industrial.hiv,available,62,21,10,,,
51bc2248-24a6-4274-8c6c-33bc5224b12e,industrial.hockey,available,62,21,10,,,
0b34dc44-c5b0-4773-8c00-1ce60bf20e18,industrial.holdings,available,62,21,10,,,
1e97d767-0419-4fad-b70a-ceb3df46aaea,industrial.holiday,available,62,21,10,,,
db8fd6e9-b76e-48e2-829a-fc94ddbea72e,industrial.homes,resell,62,21,10,"Spaceship, Inc.",21/01/2025 13:42,21/01/2026 23:59
4acf4894-1307-44e2-8275-1f81d9ca7163,industrial.horse,available,62,21,10,,,
5197fb61-7b16-4ff7-9bac-e482ab7dd5d2,industrial.hospital,available,62,21,10,,,
ad2e1d5d-3eda-4bca-9dc4-b0567194d13f,industrial.host,premium,62,21,10,,,
df7038d5-4237-4e71-8e91-3e78f3fe06e8,industrial.hosting,available,62,21,10,,,
b6d0bd2b-fcb1-44d0-9b4b-851c935a3200,industrial.hot,premium,62,21,10,,,
17f12ab4-3fb8-421c-961d-9fc0b644a3c9,industrial.house,available,62,21,10,,,
d99d137d-f7ce-4374-8da4-451f6639c9be,industrial.how,available,62,21,10,,,
38030317-3025-477d-9a5d-e3f4dc711349,industrial.icu,premium,62,21,10,,,
34580dfe-e5af-443c-b351-d7496ac0d933,industrial.im,premium,62,21,10,,,
90b0da13-55ca-4bb2-8a43-2dd3063e142a,industrial.immo,available,62,21,10,,,
6f10e9a4-14a0-4b56-b851-71efcf44ae95,industrial.immobilien,available,62,21,10,,,
99800005-df1e-48ab-9c45-7cc869e94cfe,industrial.inc,premium,62,21,10,,,
f87a382c-f38c-404e-90c2-09f32a8d5b44,industrial.ing,premium,62,21,10,,,
21a9bbd9-ba6a-4076-a444-aa9cdf8861ef,industrial.ink,premium,62,21,10,,,
f96fe9a1-7f62-4a87-af41-3849c6558a52,industrial.institute,premium,62,21,10,,,
c7224a29-39bf-488f-b1bd-cca5ae0e4501,industrial.insure,available,62,21,10,,,
aa51d4ec-a8e2-461b-809a-32fbfaebcffd,industrial.investments,resell,62,21,10,Dynadot Inc,03/07/2025 17:00,03/07/2026 17:00
7fbd3f7f-4f8f-462e-a396-5608acc60ed7,industrial.io,resell,62,21,10,Dynadot Inc,24/06/2018 10:07,24/06/2026 10:07
4cdf21ae-597a-4147-ac16-6268c3432f0e,industrial.irish,available,62,21,10,,,
6e51890a-ad18-4d59-89b8-ba21f1a723c6,industrial.jetzt,available,62,21,10,,,
f53e18e9-7597-441b-8594-15d79f2b255a,industrial.jewelry,available,62,21,10,,,
766f399e-2e54-47e8-898f-6bceeb152d4c,industrial.juegos,available,62,21,10,,,
6a104e85-cc63-4aee-853b-9a996cadd5fe,industrial.kaufen,available,62,21,10,,,
ce17f449-cc1b-456a-b9a0-27f1f9d9be32,industrial.kids,premium,62,21,10,,,
a19d26d6-59de-41df-a84f-56e73ce7a576,industrial.kim,available,62,21,10,,,
722534c3-7515-43bd-891d-897a635d0983,industrial.la,resell,62,21,10,VIPDomains.LA  Founders Program,16/02/2016 08:07,16/02/2026 23:59
63686e25-18cc-46e0-912a-7aba8f051ead,industrial.lat,sold,62,21,10,Dynadot LLC,27/10/2025 14:31,27/10/2026 23:59
fe8fff1c-0b88-4a75-a2ea-4e81ec44e6e7,industrial.lawyer,available,62,21,10,,,
63a633d0-d060-405d-9f06-b66f913b80d1,industrial.lease,premium,62,21,10,,,
5b66b7de-2945-42fc-88a2-14cfebff6f3c,industrial.legal,available,62,21,10,,,
59369db5-d6c7-4afc-b4b2-ad823305bbc0,industrial.lgbt,available,62,21,10,,,
d1603540-ab16-4e0a-a6ba-ff5094dc0063,industrial.life,sold,62,21,10,Dynadot Inc,03/07/2018 06:28,03/07/2026 06:28
a7742142-fab3-4853-9412-85b8589af7f9,industrial.lifestyle,premium,62,21,10,,,
f8704c52-4459-4505-bb3c-17b7f43f8202,industrial.limo,available,62,21,10,,,
62d19a3b-09fe-4d35-a4d7-88076e377cfb,industrial.link,premium,62,21,10,,,
3c06954f-246c-4a66-8a76-b13acb379ac5,industrial.living,premium,62,21,10,,,
9db0b830-3fa1-4854-801d-8dae07b37fb1,industrial.loan,premium,62,21,10,,,
76a8374a-d839-4227-ae64-9cca0767d9b2,industrial.loans,available,62,21,10,,,
b42035cc-f49c-457c-9f02-bbf328bc366a,industrial.locker,premium,62,21,10,,,
61d12cc6-64bb-47f7-bbd1-27358ad4476c,industrial.london,available,62,21,10,,,
bd353b7e-dfdc-4e6c-999b-de6b936169bb,industrial.ltd,resell,62,21,10,Alibaba Cloud Computing Ltd. d/b/a HiChina (www.net.cn),21/06/2016 08:39,21/06/2026 08:39
b173a82a-1f69-4474-a77a-4761dad3ef5b,industrial.ltda,premium,62,21,10,,,
fd30f9b7-4e6a-4e77-b744-1a9487eda9bb,industrial.luxe,available,62,21,10,,,
79005ca0-2f9e-4177-abb6-a8d18127225a,industrial.luxury,available,62,21,10,,,
33242701-19a0-43e9-89cb-2a35e74aab49,industrial.maison,available,62,21,10,,,
6295fbc3-541a-4444-a01c-3fe695fb775c,industrial.makeup,available,62,21,10,,,
9ff2592c-0dc7-4f6b-a21a-f8571ff9ef0b,industrial.mba,available,62,21,10,,,
62559513-05bc-4c58-b72a-657f438d7307,industrial.me,sold,62,21,10,Key-Systems GmbH,18/07/2008 02:38,18/07/2026 02:38
5c670b8c-69c2-44ab-a205-bc25a9e7f610,industrial.media,resell,62,21,10,"Chengdu West Dimension Digital Technology Co., Ltd.",02/04/2023 15:15,02/04/2026 15:15
5aa01969-1a8b-4749-a3c4-e581c12f168c,industrial.melbourne,available,62,21,10,,,
9e0fa0b5-38bf-489e-b024-e6b6bef28a2a,industrial.meme,premium,62,21,10,,,
68642851-932b-44e8-adb4-b11fd31d0276,industrial.memorial,available,62,21,10,,,
176b0732-3b2c-4270-b56c-6f100fa2c242,industrial.men,premium,62,21,10,,,
59364df2-9e47-4f24-a12c-4155d52e9fdc,industrial.menu,premium,62,21,10,,,
89696e62-7b96-40ee-b7af-8564c9be8775,industrial.miami,premium,62,21,10,,,
18dbeda3-7176-4a98-850e-ea1525815eba,industrial.mobi,resell,62,21,10,"Xiamen ChinaSource Internet Service Co., Ltd",30/06/2025 15:15,30/06/2026 15:15
a00abbc8-8cc5-4b52-bc7a-688c7a302c41,industrial.moda,available,62,21,10,,,
37543859-78c6-4ed9-afce-75bcb3e54c27,industrial.moe,available,62,21,10,,,
8d905f25-7b9c-491e-9214-502bcbe6d2a0,industrial.mom,available,62,21,10,,,
4a9b119c-3792-49c8-be8c-34f7fba1f6a3,industrial.monster,available,62,21,10,,,
2ab10283-ec39-4889-a0de-dccd63796604,industrial.mortgage,premium,62,21,10,,,
e1cbcd54-0b8b-485f-9a46-fd6633512304,industrial.motorcycles,available,62,21,10,,,
36901695-46ef-45a3-9599-06953562125c,industrial.mov,premium,62,21,10,,,
9582a2e2-3683-4bae-a1a6-08ec1e0fd568,industrial.movie,available,62,21,10,,,
046bf418-8124-4981-ad63-39036c015ad6,industrial.music,premium,62,21,10,,,
519b0dfb-90f0-4b48-9a93-7aa29b5f8af9,industrial.mx,expired,62,21,10,Registrar.eu,13/11/2020 00:00,13/11/2025 00:00
36c824fe-925f-49b8-9c26-66af8ac15f32,industrial.name,available,62,21,10,,,
44391033-4b4d-4344-8697-03545f0e0924,industrial.navy,available,62,21,10,,,
eada4be9-e9c5-4b2f-be13-5fe15899f6cf,industrial.network,resell,62,21,10,"Spaceship, Inc.",12/04/2023 17:00,12/04/2026 17:00
2ca4713b-8a6d-49ec-a53b-ff918edc6468,industrial.news,premium,62,21,10,,,
def88d5a-0d88-4e5e-b3bd-73a3de2e86c3,industrial.nexus,premium,62,21,10,,,
47e334c3-1e4f-474a-adae-2252f517dde1,industrial.ngo,available,62,21,10,,,
9d5b3d8f-e145-488b-aeb5-6b0039838a5f,industrial.now,expiring,62,21,10,"NameCheap, Inc.",25/12/2024 18:45,25/12/2025 18:45
c568456b-0e16-4aca-83a4-41e5923bb1cb,industrial.nyc,premium,62,21,10,,,
fae88463-8c34-4e85-99cd-ba77c667deed,industrial.observer,premium,62,21,10,,,
81264284-980d-451e-91dc-1c3ca21b6697,industrial.one,premium,62,21,10,,,
9cf0b705-f1d0-46c3-b6bc-a5c7d38d2f47,industrial.ong,available,62,21,10,,,
ab5f02e8-19eb-4019-a9da-f495211971dd,industrial.online,premium,62,21,10,,,
418ae8bc-0b72-4748-821f-b8ddfbbf23b4,industrial.ooo,premium,62,21,10,,,
c7d84a4d-f340-4d92-b0cc-205208dbf935,industrial.organic,available,62,21,10,,,
b1c9f76b-24e1-4eac-b7f3-4287c050eeee,industrial.osaka,available,62,21,10,,,
24f55571-fa80-49fc-ab18-d3cd75fe529c,industrial.page,premium,62,21,10,,,
82b9aaea-b64e-481d-b1a7-6abda4a6f578,industrial.partners,resell,62,21,10,Porkbun LLC,24/02/2021 14:56,24/02/2026 14:56
56766a2c-4c62-435d-aed0-4d0fc8c46e82,industrial.parts,sold,62,21,10,Squarespace Domains II LLC,12/11/2025 16:53,12/11/2026 16:53
1297b3d4-5ffb-49fe-bdd3-d51674d1a76e,industrial.party,premium,62,21,10,,,
5c289c6c-0bd0-4db8-9e61-02f264ee1cac,industrial.pet,available,62,21,10,,,
82bded05-9c18-484a-88fc-05219c22db9e,industrial.phd,premium,62,21,10,,,
c00a8dfe-83e4-48a9-976f-bccb03343c82,industrial.photo,premium,62,21,10,,,
35365628-6838-4596-9db5-0a5f33091e09,industrial.photography,resell,62,21,10,Dynadot Inc,27/07/2018 08:12,27/07/2026 08:12
b0b9e73c-e928-4883-855c-53dee2578fe4,industrial.pics,resell,62,21,10,"Spaceship, Inc.",15/04/2014 16:02,15/04/2026 23:59
9f79fd45-4f16-4fbb-8b96-a8d66eb210b1,industrial.pictures,resell,62,21,10,"Spaceship, Inc.",23/07/2014 16:00,23/07/2026 16:00
6a4dbfe7-e7b8-48af-974e-afdef62f4f7e,industrial.pizza,available,62,21,10,,,
8ee31348-4fd8-49da-ab7f-0f560b472948,industrial.place,sold,62,21,10,"NameCheap, Inc.",27/10/2025 01:34,27/10/2026 01:34
b6d65a3e-0b50-42d4-9629-fc5e9c804bd7,industrial.plumbing,premium,62,21,10,,,
1924bdd1-cf3c-4635-b697-c148fbac7074,industrial.plus,resell,62,21,10,"DNSPod, Inc.",26/09/2018 12:54,26/09/2026 12:54
93fc8dcf-5b20-46f5-beca-262f30500ffa,industrial.poker,available,62,21,10,,,
ab23a9f8-3955-48db-a6c2-538670f95130,industrial.porn,available,62,21,10,,,
6ac17a4e-430f-478a-94e2-fedb1dafd79a,industrial.press,premium,62,21,10,,,
02112aeb-cf4f-4527-82f1-fa3c77289e86,industrial.pro,resell,62,21,10,"EnCirca, Inc.",08/04/2006 00:00,08/04/2026 00:00
8be37fee-f3fd-420d-8c22-c8566d011fa1,industrial.productions,premium,62,21,10,,,
7685b060-9a0b-4e6f-8fd4-c9af97924c04,industrial.prof,premium,62,21,10,,,
c19df206-9b23-4c10-b232-2c39eb95efa1,industrial.promo,available,62,21,10,,,
1a1d4589-1546-436f-b962-fb07025ac62f,industrial.protection,available,62,21,10,,,
b660da4d-6f25-4386-9826-28f1ddc5b675,industrial.pub,available,62,21,10,,,
9b3d2bb9-6197-4cb8-b8c7-dfcb6d1f435f,industrial.pw,premium,62,21,10,,,
9b9289e5-d420-4751-bb88-88d0a1b0e367,industrial.qpon,available,62,21,10,,,
7d232c98-1aee-47d3-bd3d-138983d41362,industrial.racing,premium,62,21,10,,,
83b52b1e-1939-4cf5-a2f8-9b42690cf2b2,industrial.realty,premium,62,21,10,,,
13aaf743-5bc9-4d36-8991-3892279cb28a,industrial.recipes,available,62,21,10,,,
0ba8f3a5-d997-4722-8965-98da462a66ca,industrial.red,available,62,21,10,,,
9ff62892-66f0-410b-8792-586d1e7262ae,industrial.rehab,premium,62,21,10,,,
514884b8-a816-42bc-8813-c43fb264e3f0,industrial.reise,available,62,21,10,,,
a884f0b5-cefc-41f4-940f-5fd8a2545d14,industrial.reisen,available,62,21,10,,,
027a2cf1-caf3-4b84-b8ae-0b4a6c6b9003,industrial.rent,sold,62,21,10,Namecheap,08/10/2025 21:30,08/10/2026 23:59
e05e493c-900d-4a8a-87db-a38a01f355e9,industrial.rentals,expiring,62,21,10,Dynadot Inc,04/01/2020 12:06,04/01/2026 12:06
95fd898c-2b8c-4657-9994-117f32d71ef7,industrial.repair,available,62,21,10,,,
b2f8cf29-cdc2-42e3-be51-698e901e9955,industrial.republican,available,62,21,10,,,
8fa3bf89-a92d-4793-bc3c-1f58a1c5160c,industrial.rest,premium,62,21,10,,,
923b61da-3632-4662-ba68-508b48822376,industrial.restaurant,available,62,21,10,,,
bf8e184c-5a12-4ee4-a752-31ecb2d1c2e6,industrial.review,premium,62,21,10,,,
8a5be388-3907-41ba-9aba-f35087439244,industrial.reviews,premium,62,21,10,,,
e652314c-5d95-4966-b397-b7fd9225e383,industrial.rich,available,62,21,10,,,
4e26329a-9dcd-4016-bd5a-1869d5b8188b,industrial.rip,available,62,21,10,,,
facf55de-235a-4f29-8377-fe4020176648,industrial.rocks,premium,62,21,10,,,
0a8dfded-4b3a-4e60-8302-da018300b7e8,industrial.rodeo,available,62,21,10,,,
8063c6b6-2509-4646-ab7d-25ce24479f03,industrial.rsvp,premium,62,21,10,,,
d27fea8e-c3a6-48cf-8b78-4230ba0f7260,industrial.run,available,62,21,10,,,
631f3203-3bcb-4792-98a7-e1a50f8118da,industrial.sale,premium,62,21,10,,,
d50af015-83ea-42c0-bb47-5a5faa593dce,industrial.salon,available,62,21,10,,,
0d42ef5b-38e8-45b5-8b15-2ba5479d4a24,industrial.sarl,available,62,21,10,,,
ed65b1c4-2e27-4d9a-82f4-c4ad05de5d56,industrial.sbs,premium,62,21,10,,,
1a6473b4-3c75-4e93-b6f5-69ce246f50e3,industrial.school,available,62,21,10,,,
92184f54-8fe0-4e18-9df9-1078a99f9425,industrial.schule,available,62,21,10,,,
9468baa7-9902-47a9-906e-faf3eaaf1f51,industrial.science,premium,62,21,10,,,
18878d74-bfc2-4a29-9d9c-975fac62dd9b,industrial.security,available,62,21,10,,,
d183348d-c4ac-4fd5-8fc6-a8f7d18c62bc,industrial.sexy,available,62,21,10,,,
d841ff1c-1916-494e-b516-756ebb40040b,industrial.sh,available,62,21,10,,,
da75f79b-5c3f-4cb3-bc5f-581fccb9b095,industrial.shiksha,available,62,21,10,,,
90c8b669-e0dc-4fb8-9c61-e646ab3a3b0e,industrial.shopping,available,62,21,10,,,
7d94ef91-69b0-4a50-bd7b-237b89d13dbb,industrial.show,resell,62,21,10,"DNSPod, Inc.",10/09/2023 15:15,10/09/2026 15:15
20b1ad4d-bd05-4d7d-828a-9dec65f762b3,industrial.singles,available,62,21,10,,,
86b213f7-925b-4455-b1a2-e7c997ea0710,industrial.site,premium,62,21,10,,,
0927e985-1173-4186-acd5-9c33f1a02a7b,industrial.ski,premium,62,21,10,,,
c31a5212-52fc-4196-927d-0e5e0762a249,industrial.skin,available,62,21,10,,,
1f10d4e3-a051-4c66-9fd7-27b251062edb,industrial.soccer,available,62,21,10,,,
b0e6ff3b-9f9e-49b1-9d36-81d301c15160,industrial.social,expiring,62,21,10,"Chengdu West Dimension Digital Technology Co., Ltd.",10/12/2023 15:15,10/12/2025 15:15
d2bab394-4bf1-4237-ab9d-4b5296917273,industrial.software,premium,62,21,10,,,
6c111f14-64d8-4169-9319-bc2c8b39f517,industrial.solar,resell,62,21,10,Dynadot Inc,11/03/2025 17:00,11/03/2026 17:00
8aa1e05e-d028-4311-9b71-697b45820a50,industrial.solutions,resell,62,21,10,"Spaceship, Inc.",26/03/2014 16:00,26/03/2026 16:00
1e985f85-f7f2-43bb-83c4-39098efef409,industrial.soy,premium,62,21,10,,,
403be2c4-1e74-46c0-ab2f-bdbd366ffebb,industrial.space,premium,62,21,10,,,
e704fd40-2a87-4ed8-b4bd-fea8609f5e14,industrial.spot,premium,62,21,10,,,
ec734ad6-e2a5-4454-ab22-1261e5d720ad,industrial.srl,available,62,21,10,,,
e5e1b88c-5106-4d3d-b6d4-d07fcbcdadd1,industrial.storage,expiring,62,21,10,101domain GRS Limited,03/01/2017 01:25,03/01/2026 23:59
3c9878ed-c5cf-4594-a2fb-95cef35c7917,industrial.store,premium,62,21,10,,,
16e63cfe-8b3f-44d1-9b25-958389ae23b8,industrial.studio,premium,62,21,10,,,
4a4d427d-7a47-4fef-b45f-c2188278c874,industrial.study,premium,62,21,10,,,
f9c267b2-ed3f-40ee-bc28-a8cc40bf30de,industrial.style,premium,62,21,10,,,
466f78e0-16b4-4f56-b5b2-b8ebe39e86a5,industrial.sucks,available,62,21,10,,,
ab583ad5-e268-416e-951f-bb609a63ff2e,industrial.surf,available,62,21,10,,,
28d40b85-0ca2-467e-9701-291419a99dbf,industrial.surgery,available,62,21,10,,,
05ae67f7-5770-4e5c-8c47-9d4c92515d7b,industrial.sydney,available,62,21,10,,,
26164d64-155e-4228-9556-2725e507155d,industrial.talk,premium,62,21,10,,,
30253e25-bdc1-48f5-a4ae-11da8a0300dd,industrial.tattoo,available,62,21,10,,,
aab83165-9c45-4d76-88b2-1ffe53384464,industrial.tax,resell,62,21,10,"GoDaddy.com, LLC",19/09/2024 17:43,19/09/2026 17:43